Word, Frequency, Comment Frequency, Net Score
walt, 316, 142, 1789
like, 117, 88, 1124
hank, 99, 56, 939
would, 140, 103, 930
show, 88, 66, 923
teacher, 8, 8, 890
time, 85, 66, 822
season, 103, 78, 806
get, 66, 57, 726
went, 9, 9, 645
still, 30, 29, 608
series, 54, 44, 594
graded, 2, 2, 593
jesse, 152, 80, 579
correct, 7, 6, 574
bad, 62, 49, 547
breaking, 45, 38, 489
got, 44, 44, 469
one, 62, 52, 467
really, 58, 51, 462
believe, 22, 22, 453
back, 33, 29, 443
new, 23, 20, 440
seen, 23, 21, 439
never, 46, 43, 437
scene, 55, 44, 434
think, 111, 82, 423
could, 69, 57, 422
feel, 27, 23, 405
first, 68, 56, 404
even, 53, 46, 398
see, 52, 46, 369
watch, 38, 29, 366
chemistry, 11, 10, 365
man, 24, 23, 362
gus, 148, 61, 362
since, 20, 20, 361
much, 46, 41, 351
episode, 46, 37, 349
knows, 18, 13, 345
obvious, 7, 7, 330
good, 36, 34, 328
always, 20, 17, 325
thing, 33, 29, 323
also, 40, 33, 321
felt, 20, 14, 320
meth, 45, 36, 318
last, 33, 30, 317
fuck, 10, 10, 299
rest, 6, 6, 298
news, 5, 4, 292
skyler, 43, 36, 291
walter, 59, 36, 290
shit, 17, 16, 280
bitch, 31, 26, 279
please, 7, 4, 276
different, 10, 9, 276
end, 31, 27, 273
looked, 5, 5, 272
second, 19, 17, 271
every, 24, 22, 271
right, 27, 24, 268
http, 14, 14, 268
moodle, 1, 1, 266
high, 11, 10, 266
title, 6, 6, 264
lot, 22, 19, 264
well, 31, 30, 263
moment, 21, 19, 263
spoilers, 12, 10, 261
school, 6, 6, 260
says, 25, 20, 257
know, 49, 40, 254
2, 29, 28, 253
mind, 8, 8, 249
saw, 14, 12, 248
go, 27, 26, 247
white, 17, 14, 244
catch, 6, 6, 244
making, 16, 14, 243
either, 7, 7, 243
job, 13, 11, 241
make, 27, 25, 239
watched, 22, 21, 238
taking, 10, 9, 237
fake, 4, 2, 235
thought, 25, 23, 234
house, 38, 23, 232
things, 29, 25, 229
little, 24, 23, 229
something, 34, 30, 226
6, 8, 8, 226
gt, 10, 6, 225
skylar, 24, 18, 223
1, 21, 21, 223
post, 7, 7, 222
son, 11, 10, 220
opinion, 11, 11, 219
less, 9, 8, 219
telling, 4, 4, 218
gretchen, 22, 9, 216
roof, 6, 5, 215
plans, 3, 3, 215
rbettercallsaul, 3, 3, 213
posts, 3, 3, 213
jr, 12, 12, 212
around, 22, 21, 212
remember, 14, 11, 210
thank, 2, 2, 209
sucked, 1, 1, 208
reports, 1, 1, 208
planted, 1, 1, 208
many, 19, 16, 208
links, 1, 1, 208
hoaxes, 1, 1, 208
flurry, 1, 1, 208
eta, 1, 1, 208
thinking, 10, 9, 206
tell, 9, 9, 206
take, 17, 17, 206
putting, 2, 2, 206
later, 15, 14, 206
reason, 14, 13, 203
posting, 3, 3, 202
alpha, 2, 2, 201
trying, 9, 9, 200
stop, 9, 8, 200
obviously, 12, 12, 200
everything, 17, 17, 197
able, 8, 8, 197
completely, 9, 9, 193
family, 22, 17, 191
pretty, 35, 33, 190
alcohol, 2, 2, 190
minute, 2, 2, 188
best, 16, 16, 187
fight, 7, 7, 186
rewatching, 17, 17, 185
kill, 23, 18, 185
getting, 23, 20, 185
someone, 15, 14, 183
years, 8, 8, 181
character, 26, 24, 181
long, 11, 11, 178
side, 17, 12, 176
explains, 2, 2, 176
starting, 6, 6, 175
drama, 2, 2, 174
seeing, 11, 11, 172
wanted, 27, 25, 171
whole, 15, 15, 170
teachers, 2, 2, 170
nsfw, 3, 3, 170
english, 2, 2, 170
took, 8, 8, 169
heisenberg, 21, 16, 167
often, 4, 4, 166
victor, 25, 18, 163
upvote, 1, 1, 163
two, 20, 19, 163
junior, 5, 3, 162
come, 24, 22, 162
way, 39, 32, 161
ever, 24, 24, 161
throughout, 5, 5, 160
killed, 32, 23, 160
5, 31, 26, 159
saying, 8, 8, 158
notice, 12, 12, 158
die, 14, 13, 158
feeling, 9, 9, 156
couldnt, 2, 2, 155
tuco, 36, 15, 154
tried, 3, 3, 154
makes, 16, 14, 154
already, 11, 11, 154
party, 3, 3, 153
keep, 13, 13, 153
going, 30, 20, 153
gets, 15, 15, 153
worth, 5, 5, 152
space, 9, 5, 152
crawl, 9, 5, 152
giving, 2, 2, 151
day, 14, 14, 151
sore, 1, 1, 150
relation, 1, 1, 150
frustrated, 1, 1, 150
former, 1, 1, 150
felina, 5, 4, 150
experiences, 1, 1, 150
cookkingpin, 1, 1, 150
story, 21, 17, 149
probably, 24, 23, 149
found, 13, 12, 147
money, 28, 18, 146
students, 2, 2, 145
jessie, 7, 7, 144
wrong, 14, 12, 143
watching, 22, 20, 143
comes, 8, 7, 143
kind, 19, 15, 142
fucking, 7, 7, 142
closure, 2, 2, 142
wants, 17, 14, 141
perfect, 11, 11, 140
people, 33, 28, 140
dude, 5, 5, 139
regular, 2, 2, 138
rather, 5, 5, 137
perspectives, 2, 2, 137
else, 23, 21, 137
police, 7, 7, 136
lab, 20, 13, 136
caught, 8, 8, 136
noticed, 13, 12, 135
elliott, 7, 3, 135
ca, 22, 19, 135
unreasonable, 1, 1, 133
understanding, 1, 1, 133
appreciation, 1, 1, 133
turned, 4, 4, 132
seem, 14, 14, 132
person, 9, 9, 132
https, 17, 13, 132
look, 14, 11, 128
brba, 8, 7, 126
talking, 6, 5, 125
seems, 13, 12, 125
ted, 3, 3, 124
dark, 11, 9, 124
alone, 7, 6, 124
third, 5, 5, 122
tells, 7, 7, 122
wonder, 6, 6, 121
related, 6, 6, 121
mike, 47, 28, 121
vs, 6, 5, 120
goes, 8, 8, 120
definitely, 9, 9, 120
mr, 2, 2, 119
possible, 6, 5, 117
home, 6, 4, 117
hear, 5, 5, 117
cook, 13, 13, 117
motion, 2, 2, 115
middle, 5, 5, 115
flashback, 4, 4, 115
ending, 14, 10, 115
came, 9, 8, 115
play, 3, 3, 114
made, 35, 31, 114
business, 16, 16, 114
use, 9, 8, 113
find, 14, 12, 113
explain, 3, 3, 112
barely, 2, 2, 112
parallel, 3, 3, 111
gives, 3, 3, 111
done, 22, 20, 111
existed, 2, 2, 110
excuse, 4, 4, 110
enough, 9, 9, 110
damn, 10, 9, 110
promise, 1, 1, 109
great, 24, 20, 109
starts, 7, 5, 108
clearly, 6, 5, 108
plot, 2, 2, 107
instead, 5, 5, 107
blame, 3, 3, 107
thoroughly, 2, 2, 106
promotion, 3, 3, 106
mentions, 4, 4, 106
led, 5, 5, 106
killing, 16, 11, 106
hidden, 2, 2, 106
especially, 10, 9, 106
call, 26, 23, 106
blew, 3, 3, 106
without, 22, 19, 105
seasons, 8, 7, 105
screwed, 2, 2, 105
personal, 5, 5, 105
marie, 10, 9, 105
forward, 2, 2, 105
uncle, 5, 2, 104
rules, 4, 4, 104
idea, 7, 5, 104
guess, 8, 8, 104
fact, 15, 12, 104
drives, 2, 2, 104
binge, 7, 6, 104
allows, 2, 2, 104
working, 9, 7, 103
wellknown, 1, 1, 103
til, 1, 1, 103
ties, 1, 1, 103
sets, 1, 1, 103
satisfaction, 1, 1, 103
pivotal, 1, 1, 103
peacefully, 1, 1, 103
iimgurcomsttuw2bjpg, 1, 1, 103
freakout, 1, 1, 103
contrast, 1, 1, 103
4x11, 1, 1, 103
needs, 4, 4, 102
case, 4, 4, 102
bunch, 4, 4, 102
finale, 5, 5, 101
say, 25, 25, 100
victory, 3, 2, 99
situations, 2, 2, 99
conversation, 6, 6, 99
burned, 3, 3, 99
point, 24, 20, 98
glad, 5, 4, 98
world, 6, 6, 97
tension, 2, 2, 97
scared, 3, 3, 97
preferred, 2, 2, 97
chose, 4, 3, 97
choice, 3, 3, 97
body, 2, 2, 97
admit, 2, 2, 97
said, 16, 15, 96
least, 25, 22, 96
guys, 9, 7, 95
friend, 5, 5, 95
continue, 4, 4, 95
agree, 5, 5, 95
affair, 3, 2, 95
reasons, 8, 8, 94
dollar, 2, 2, 94
paying, 3, 3, 93
remark, 1, 1, 92
rankles, 1, 1, 92
put, 15, 14, 92
poor, 2, 2, 92
heroic, 1, 1, 92
glance, 1, 1, 92
elements, 2, 2, 92
brains, 3, 3, 92
bragging, 1, 1, 92
bizarre, 3, 2, 92
achieved, 1, 1, 92
rich, 2, 2, 91
married, 2, 2, 91
live, 8, 8, 91
company, 4, 2, 91
college, 4, 2, 91
anything, 25, 25, 91
revoked, 1, 1, 90
prideful, 1, 1, 90
fast, 2, 2, 90
death, 13, 13, 90
personality, 2, 2, 89
mercury, 1, 1, 89
macgyver, 1, 1, 89
m60, 1, 1, 89
fulminated, 1, 1, 89
brawn, 1, 1, 89
billion, 2, 2, 89
away, 11, 11, 89
youtube, 1, 1, 88
turning, 1, 1, 88
tune, 1, 1, 88
subject, 1, 1, 88
storm, 1, 1, 88
saul, 43, 31, 88
postcollege, 1, 1, 88
percentage, 1, 1, 88
paso, 4, 3, 88
packing, 1, 1, 88
occur, 1, 1, 88
lively, 1, 1, 88
layers, 1, 1, 88
inferior, 1, 1, 88
human, 1, 1, 88
el, 4, 3, 88
cuz, 1, 1, 88
civil, 1, 1, 88
calculating, 1, 1, 88
bursts, 1, 1, 88
behaviour, 1, 1, 88
scenes, 10, 9, 87
comedy, 1, 1, 86
check, 4, 4, 86
4, 23, 21, 85
maybe, 11, 11, 84
f, 3, 3, 83
better, 29, 28, 83
3, 21, 15, 83
visiting, 2, 2, 82
sorry, 5, 5, 81
major, 4, 4, 81
bar, 2, 2, 81
sidebar, 2, 2, 80
s3e3, 1, 1, 80
rewatched, 3, 3, 80
pick, 5, 5, 80
inspired, 3, 3, 80
orange, 9, 7, 79
enjoy, 6, 6, 79
air, 4, 4, 79
yellow, 4, 4, 78
breaks, 2, 2, 78
actually, 24, 22, 78
wow, 4, 4, 77
understand, 14, 11, 77
needed, 6, 6, 77
gale, 21, 14, 77
cops, 4, 4, 77
stupid, 7, 6, 76
set, 8, 8, 76
oh, 11, 11, 76
favorite, 21, 14, 76
faq, 5, 4, 76
face, 6, 5, 76
cut, 8, 7, 76
titles, 2, 2, 75
imagine, 8, 7, 75
heart, 6, 6, 75
quit, 2, 2, 74
pictures, 3, 3, 74
although, 4, 4, 74
whereabouts, 2, 2, 72
showing, 7, 7, 72
powerful, 2, 2, 72
happened, 12, 12, 72
give, 17, 17, 72
class, 4, 4, 72
na, 6, 5, 71
jane, 11, 9, 71
gon, 6, 5, 71
wondering, 5, 5, 70
submission, 1, 1, 70
pertains, 1, 1, 70
mentioning, 1, 1, 70
fans, 1, 1, 70
discovering, 1, 1, 70
considerate, 1, 1, 70
blue, 7, 7, 70
beloved, 1, 1, 70
2013, 1, 1, 70
jack, 23, 12, 69
hanks, 5, 5, 69
gambling, 2, 2, 69
episodes, 16, 14, 69
sure, 19, 19, 68
pinkwoman, 1, 1, 68
line, 2, 2, 68
happens, 5, 5, 68
dots, 4, 4, 68
plus, 5, 4, 67
notes, 2, 2, 67
fly, 13, 7, 67
fate, 2, 2, 67
characters, 15, 12, 67
vince, 7, 7, 66
statement, 4, 4, 66
rid, 3, 3, 66
rehearsing, 1, 1, 66
perfectly, 6, 6, 66
mexico, 3, 3, 66
knew, 21, 18, 66
bb, 19, 14, 66
yeah, 8, 6, 65
men, 1, 1, 65
kingpin, 1, 1, 65
disappear, 1, 1, 65
calling, 1, 1, 65
times, 14, 13, 64
though, 20, 19, 64
looking, 8, 8, 64
voice, 2, 2, 63
sense, 11, 9, 63
gustavo, 5, 5, 63
couple, 13, 13, 63
bit, 16, 14, 63
apartment, 3, 3, 63
wear, 3, 2, 62
video, 5, 5, 62
suits, 4, 2, 62
shows, 9, 9, 62
paul, 2, 2, 62
ends, 3, 3, 62
aaron, 2, 2, 62
trailer, 3, 2, 61
finally, 4, 4, 61
care, 9, 8, 61
wwwyoutubecomwatch, 2, 2, 60
v, 2, 2, 60
means, 4, 4, 60
fingerprints, 2, 2, 60
etc, 9, 6, 60
clean, 4, 4, 60
another, 14, 14, 60
mineral, 1, 1, 59
cousins, 12, 5, 59
collection, 1, 1, 59
cameo, 1, 1, 59
bpuaj_crjn4, 1, 1, 59
appearances, 1, 1, 59
titled, 2, 2, 58
chain, 1, 1, 58
asks, 9, 8, 58
thanks, 14, 12, 57
mean, 9, 9, 57
kept, 5, 5, 57
dying, 6, 6, 57
car, 24, 16, 57
anyone, 15, 15, 56
upon, 4, 4, 55
hate, 12, 10, 55
25, 2, 2, 55
thread, 3, 3, 54
loose, 2, 2, 54
god, 5, 4, 54
finished, 10, 10, 54
next, 7, 7, 53
neighbors, 1, 1, 53
gave, 12, 11, 53
folder, 1, 1, 53
connected, 5, 4, 53
beginning, 7, 7, 53
appeared, 3, 3, 53
full, 6, 6, 52
attention, 8, 7, 52
ruin, 3, 3, 51
reaction, 3, 3, 51
question, 11, 10, 51
shots, 3, 3, 50
part, 11, 10, 50
known, 7, 7, 50
guilt, 3, 3, 50
forget, 2, 2, 50
cooking, 6, 6, 50
clear, 11, 10, 50
amazing, 10, 10, 50
symbolism, 2, 2, 49
private, 4, 4, 49
photo, 1, 1, 49
female, 1, 1, 49
baby, 4, 4, 49
anger, 6, 6, 49
hell, 7, 7, 48
domicile, 3, 3, 48
development, 3, 3, 48
credit, 3, 3, 48
book, 10, 8, 48
treatment, 3, 2, 47
shot, 9, 8, 47
sixth, 1, 1, 46
personally, 8, 8, 46
oc, 1, 1, 46
holly, 5, 5, 46
guy, 16, 14, 46
girlfriend, 5, 5, 46
wearing, 2, 2, 45
sell, 5, 4, 45
okay, 4, 4, 45
odd, 2, 2, 45
help, 6, 6, 45
feels, 3, 3, 45
close, 7, 7, 45
life, 18, 15, 44
far, 12, 12, 44
cb, 1, 1, 44
cancer, 7, 7, 44
20130808182735, 1, 1, 44
song, 3, 3, 43
safe, 4, 4, 43
prison, 5, 5, 43
place, 12, 11, 43
past, 8, 8, 43
looks, 9, 9, 43
harassed, 2, 2, 43
funny, 8, 8, 43
cross, 4, 4, 43
ww, 7, 4, 42
want, 16, 15, 42
revenge, 8, 7, 42
pay, 8, 8, 42
ok, 5, 5, 42
liability, 3, 3, 42
information, 3, 3, 42
certain, 4, 4, 42
anybody, 3, 2, 42
told, 6, 6, 41
throat, 4, 4, 41
supposed, 6, 6, 41
nice, 6, 6, 41
matter, 14, 13, 41
fave, 1, 1, 41
dick, 2, 2, 41
6th, 3, 3, 41
yes, 10, 10, 40
todd, 12, 7, 40
super, 5, 5, 40
rosha, 2, 2, 40
recently, 3, 3, 40
measuring, 1, 1, 40
emasculated, 1, 1, 40
constant, 1, 1, 40
coming, 7, 6, 40
chestpuffing, 1, 1, 40
batch, 7, 7, 40
wondered, 2, 2, 39
roll, 3, 3, 39
relationship, 10, 9, 39
meaning, 3, 3, 39
love, 27, 24, 39
hand, 7, 6, 39
extra, 1, 1, 39
epilogue, 1, 1, 39
decisive, 1, 1, 39
days, 7, 7, 39
behind, 4, 4, 39
basically, 7, 6, 39
along, 7, 5, 39
additional, 1, 1, 39
twofold, 1, 1, 38
power, 4, 4, 38
pizza, 10, 8, 38
murder, 6, 6, 38
dont, 3, 3, 38
dad, 4, 3, 38
chemicals, 3, 3, 38
badger, 4, 4, 38
ultimately, 4, 4, 37
topics, 1, 1, 37
taught, 1, 1, 37
sincerely, 1, 1, 37
scissors, 1, 1, 37
literary, 1, 1, 37
lessons, 1, 1, 37
highly, 1, 1, 37
entertainment, 1, 1, 37
disguise, 1, 1, 37
depth, 1, 1, 37
cleaning, 2, 2, 37
buys, 2, 2, 37
state, 8, 7, 36
source, 2, 2, 36
mark, 3, 3, 36
lydia, 5, 4, 36
leads, 4, 4, 36
imo, 6, 6, 36
entire, 6, 6, 36
ears, 2, 2, 36
awesome, 8, 8, 36
sometimes, 4, 4, 35
smoking, 10, 7, 35
similar, 6, 6, 35
seemed, 6, 6, 35
references, 2, 2, 35
health, 1, 1, 35
ended, 9, 9, 35
dope, 1, 1, 35
died, 8, 7, 35
dead, 11, 11, 35
cost, 3, 3, 35
american, 1, 1, 35
actions, 6, 5, 35
yet, 16, 14, 34
talk, 6, 5, 34
several, 2, 2, 34
rewatch, 7, 7, 34
recent, 2, 2, 34
quote, 3, 3, 34
onto, 3, 3, 34
name, 8, 7, 34
main, 6, 5, 34
late, 3, 3, 34
handwriting, 6, 4, 34
final, 8, 7, 34
fair, 3, 3, 34
connection, 2, 2, 34
brings, 2, 2, 34
big, 7, 7, 34
workers, 1, 1, 33
wears, 1, 1, 33
tv, 8, 8, 33
try, 4, 4, 33
true, 5, 5, 33
sub, 9, 9, 33
selling, 5, 4, 33
s4e1, 1, 1, 33
prevent, 1, 1, 33
parents, 19, 9, 33
laundry, 1, 1, 33
iirc, 1, 1, 33
holy, 6, 6, 33
example, 8, 6, 33
contamination, 1, 1, 33
confronts, 2, 2, 33
addressed, 2, 2, 33
stay, 9, 9, 32
started, 11, 11, 32
pinkman, 3, 2, 32
might, 16, 14, 32
letting, 5, 5, 32
head, 6, 5, 32
certainly, 5, 5, 32
wish, 4, 4, 31
showed, 8, 7, 31
sending, 3, 3, 31
send, 4, 4, 31
realize, 2, 2, 31
message, 11, 6, 31
memory, 4, 3, 31
longer, 5, 5, 31
hermanos, 4, 4, 31
deal, 9, 7, 31
dea, 8, 7, 31
cranston, 2, 2, 31
coincidence, 2, 2, 31
bryan, 2, 2, 31
12, 2, 2, 31
work, 15, 11, 30
wife, 5, 5, 30
stopped, 3, 3, 30
represents, 2, 2, 30
liberties, 2, 2, 30
lane, 3, 2, 30
hector, 8, 6, 30
given, 8, 7, 30
course, 7, 7, 30
ago, 5, 5, 30
venture, 2, 2, 29
turn, 2, 2, 29
thrice, 1, 1, 29
stuff, 5, 5, 29
struggle, 2, 2, 29
room, 5, 4, 29
props, 2, 2, 29
phone, 7, 6, 29
normally, 2, 2, 29
necessary, 3, 3, 29
left, 6, 6, 29
dinner, 3, 2, 29
advice, 2, 2, 29
uncut, 2, 2, 28
teaching, 5, 4, 28
recognize, 2, 2, 28
numbers, 5, 3, 28
moments, 5, 5, 28
marking, 1, 1, 28
gordon, 1, 1, 28
gb, 2, 2, 28
fring, 11, 9, 28
freeman, 1, 1, 28
cement, 1, 1, 28
brilliant, 5, 5, 28
bcs, 9, 8, 28
awnsers, 1, 1, 28
allowed, 3, 3, 28
train, 3, 2, 27
traffic, 1, 1, 27
shown, 5, 5, 27
parking, 2, 2, 27
normal, 6, 6, 27
lynchpin, 1, 1, 27
interesting, 7, 7, 27
hiding, 4, 4, 27
gang, 5, 5, 27
forced, 4, 4, 27
experience, 4, 4, 27
empire, 6, 5, 27
drove, 1, 1, 27
catalyst, 1, 1, 27
almost, 8, 8, 27
slowly, 1, 1, 26
realizes, 3, 3, 26
may, 6, 6, 26
light, 6, 5, 26
instance, 2, 2, 26
gilligan, 6, 6, 26
fuss, 1, 1, 26
everywhere, 3, 3, 26
everybody, 2, 2, 26
control, 11, 9, 26
308, 4, 2, 26
307, 2, 2, 26
website, 4, 4, 25
us, 5, 5, 25
unknown, 1, 1, 25
replies, 1, 1, 25
nurse, 1, 1, 25
negra, 1, 1, 25
mere, 1, 1, 25
instances, 2, 1, 25
inside, 6, 6, 25
half, 6, 5, 25
guilty, 2, 2, 25
grey, 4, 4, 25
front, 7, 5, 25
erase, 2, 2, 25
cause, 7, 6, 25
born, 1, 1, 25
barrels, 3, 3, 25
asking, 6, 5, 25
arroya, 1, 1, 25
address, 1, 1, 25
08, 2, 1, 25
07, 2, 1, 25
wo, 4, 4, 24
walts, 7, 7, 24
using, 10, 10, 24
together, 6, 6, 24
threatening, 3, 3, 24
soon, 4, 4, 24
overwhelming, 2, 2, 24
number, 6, 6, 24
month, 4, 4, 24
meeting, 6, 6, 24
large, 2, 2, 24
kills, 5, 4, 24
fine, 3, 3, 24
events, 2, 2, 24
drug, 12, 7, 24
disturbing, 6, 3, 24
despite, 3, 3, 24
cartel, 6, 4, 24
annoying, 5, 3, 24
3rd, 3, 3, 24
word, 4, 3, 23
rv, 2, 2, 23
pregnant, 2, 2, 23
night, 6, 6, 23
loving, 4, 4, 23
liked, 7, 7, 23
intensity, 3, 3, 23
incredibly, 4, 3, 23
implication, 2, 2, 23
equipment, 4, 4, 23
cutter, 4, 4, 23
box, 4, 4, 23
amount, 5, 5, 23
writing, 3, 3, 22
wishes, 1, 1, 22
waltmike, 1, 1, 22
takemaybe, 1, 1, 22
table, 2, 2, 22
sun, 1, 1, 22
start, 7, 6, 22
single, 3, 3, 22
sees, 8, 5, 22
s05e03, 1, 1, 22
run, 5, 5, 22
respecting, 1, 1, 22
powersomething, 1, 1, 22
piece, 6, 6, 22
percentages, 1, 1, 22
order, 4, 4, 22
nc, 3, 3, 22
murders, 1, 1, 22
madrigal, 1, 1, 22
lost, 4, 4, 22
logical, 1, 1, 22
larger, 1, 1, 22
knife, 6, 4, 22
happen, 3, 3, 22
gusvictor, 1, 1, 22
gomez, 4, 3, 22
fueled, 1, 1, 22
flew, 1, 1, 22
eventually, 4, 3, 22
earnings, 1, 1, 22
display, 1, 1, 22
consent, 1, 1, 22
connect, 1, 1, 22
chem, 1, 1, 22
badges, 4, 4, 22
background, 3, 3, 22
authority, 1, 1, 22
agent, 5, 4, 22
written, 3, 3, 21
words, 2, 2, 21
used, 9, 7, 21
stayed, 2, 2, 21
result, 4, 4, 21
remains, 2, 2, 21
near, 5, 5, 21
literally, 4, 4, 21
leaves, 4, 4, 21
jealous, 2, 2, 21
hated, 8, 8, 21
green, 2, 2, 21
father, 2, 2, 21
extremely, 5, 5, 21
except, 3, 3, 21
crash, 3, 3, 21
brock, 5, 5, 21
bag, 6, 6, 21
album, 2, 2, 21
8, 3, 3, 21
wine, 1, 1, 20
united, 1, 1, 20
spoil, 2, 2, 20
small, 4, 4, 20
slow, 6, 5, 20
severe, 1, 1, 20
seriously, 3, 3, 20
schrader, 4, 3, 20
savings, 1, 1, 20
remodeling, 1, 1, 20
reconciles, 1, 1, 20
peace, 2, 2, 20
pass, 1, 1, 20
loved, 6, 6, 20
handled, 2, 2, 20
forever, 1, 1, 20
forces, 2, 2, 20
fixed, 1, 1, 20
edit, 8, 8, 20
differently, 3, 3, 20
deliver, 1, 1, 20
chance, 6, 5, 20
achieve, 1, 1, 20
walk, 5, 4, 19
wait, 5, 5, 19
throwing, 2, 2, 19
surely, 3, 3, 19
strange, 2, 2, 19
shanking, 3, 3, 19
s1e1, 1, 1, 19
realm, 2, 2, 19
puts, 3, 3, 19
positive, 3, 2, 19
ozymandias, 3, 3, 19
negative, 2, 2, 19
need, 9, 8, 19
move, 6, 5, 19
mostly, 3, 3, 19
leave, 8, 7, 19
knocks, 2, 2, 19
impending, 2, 2, 19
idiot, 4, 4, 19
handjob, 1, 1, 19
fear, 13, 8, 19
facing, 2, 2, 19
excellent, 5, 5, 19
evidence, 4, 4, 19
escape, 4, 2, 19
emotions, 2, 2, 19
elliot, 7, 5, 19
easily, 5, 4, 19
due, 3, 3, 19
doom, 2, 2, 19
directly, 2, 2, 19
decided, 7, 7, 19
become, 8, 8, 19
ai, 3, 3, 19
absolutely, 4, 4, 19
year, 4, 4, 18
waiting, 3, 2, 18
undercover, 1, 1, 18
trusts, 1, 1, 18
trump, 5, 2, 18
trauma, 2, 2, 18
thats, 2, 2, 18
takes, 4, 4, 18
suppose, 3, 3, 18
smoked, 2, 2, 18
slave, 2, 2, 18
silly, 2, 2, 18
shield, 2, 2, 18
ones, 3, 3, 18
million, 7, 5, 18
likely, 3, 3, 18
however, 4, 4, 18
hitler, 4, 4, 18
heil, 4, 4, 18
heard, 5, 5, 18
hang, 1, 1, 18
gone, 4, 4, 18
fuzzy, 1, 1, 18
excited, 3, 3, 18
employer, 3, 3, 18
early, 4, 4, 18
eachother, 2, 2, 18
dollars, 3, 3, 18
cover, 2, 2, 18
cop, 4, 2, 18
combination, 3, 3, 18
cheap, 2, 2, 18
buying, 1, 1, 18
black, 8, 5, 18
believed, 4, 4, 18
becoming, 2, 2, 18
anymore, 4, 4, 18
walking, 4, 4, 17
uncles, 1, 1, 17
towards, 3, 3, 17
smokers, 1, 1, 17
skip, 1, 1, 17
risk, 8, 8, 17
recites, 1, 1, 17
puff, 1, 1, 17
pile, 2, 2, 17
performances, 1, 1, 17
office, 4, 3, 17
netflix, 4, 3, 17
mop, 1, 1, 17
mom, 1, 1, 17
minor, 2, 2, 17
melting, 1, 1, 17
medium, 1, 1, 17
introduces, 1, 1, 17
incredible, 3, 3, 17
healthy, 1, 1, 17
handed, 2, 2, 17
gun, 6, 6, 17
grosser, 1, 1, 17
grandmothers, 1, 1, 17
gomie, 3, 3, 17
gomey, 3, 2, 17
future, 1, 1, 17
fucked, 4, 4, 17
fresh, 1, 1, 17
feeds, 1, 1, 17
doubt, 3, 3, 17
dismemberment, 1, 1, 17
dies, 4, 4, 17
desert, 3, 3, 17
cosplay, 2, 2, 17
circumstances, 1, 1, 17
bodies, 1, 1, 17
bitcchhh, 1, 1, 17
beyond, 4, 4, 17
based, 5, 3, 17
backlash, 1, 1, 17
aunts, 1, 1, 17
adds, 1, 1, 17
acid, 1, 1, 17
whether, 4, 4, 16
treat, 2, 2, 16
sold, 4, 4, 16
simply, 2, 2, 16
return, 2, 2, 16
reconcile, 2, 2, 16
print, 2, 2, 16
posted, 1, 1, 16
possibility, 4, 4, 16
pollos, 3, 3, 16
old, 4, 4, 16
must, 3, 3, 16
mood, 2, 2, 16
level, 3, 3, 16
let, 12, 11, 16
intentional, 2, 2, 16
imgurcomlq593b2, 1, 1, 16
dumbass, 3, 3, 16
disappointed, 3, 3, 16
contact, 6, 5, 16
bothered, 3, 3, 16
argue, 3, 3, 16
abuse, 3, 2, 16
wasted, 2, 2, 15
wallpaper, 2, 2, 15
view, 2, 2, 15
transformation, 2, 2, 15
top, 4, 4, 15
swerving, 1, 1, 15
sudden, 1, 1, 15
skeptic, 1, 1, 15
skank, 1, 1, 15
seemingly, 2, 2, 15
secrets, 2, 2, 15
saved, 2, 2, 15
rbreakingbad, 2, 2, 15
pissed, 6, 5, 15
peekaboo, 3, 2, 15
nervousness, 1, 1, 15
missed, 5, 4, 15
mirror, 2, 2, 15
knowledge, 2, 2, 15
justify, 1, 1, 15
investigator, 2, 1, 15
innocence, 1, 1, 15
harsh, 1, 1, 15
flair, 1, 1, 15
finish, 1, 1, 15
eyes, 3, 3, 15
exactly, 5, 5, 15
dumb, 3, 3, 15
daughter, 2, 2, 15
choke, 2, 2, 15
chile, 2, 2, 15
chemist, 1, 1, 15
cautious, 6, 3, 15
careful, 1, 1, 15
aunt, 8, 4, 15
ask, 2, 2, 15
airport, 2, 2, 15
added, 1, 1, 15
worse, 4, 2, 14
victors, 1, 1, 14
thousand, 1, 1, 14
themes, 1, 1, 14
stood, 1, 1, 14
slit, 1, 1, 14
scientist, 2, 2, 14
sandwich, 1, 1, 14
reluctant, 1, 1, 14
release, 2, 2, 14
quite, 5, 5, 14
public, 2, 2, 14
owes, 1, 1, 14
outcome, 1, 1, 14
others, 1, 1, 14
nothing, 10, 8, 14
mainly, 3, 2, 14
magnets, 1, 1, 14
low, 2, 2, 14
lives, 4, 4, 14
likes, 5, 4, 14
initially, 1, 1, 14
huh, 2, 2, 14
honestly, 4, 4, 14
happy, 3, 2, 14
gotten, 4, 4, 14
giant, 1, 1, 14
finds, 3, 3, 14
deaths, 2, 2, 14
crossed, 1, 1, 14
cigarette, 5, 4, 14
build, 2, 2, 14
brought, 4, 4, 14
believing, 1, 1, 14
audience, 5, 3, 14
artist, 1, 1, 14
appreciated, 1, 1, 14
acceptable, 1, 1, 14
a1, 3, 3, 14
40, 1, 1, 14
10, 3, 3, 14
yo, 3, 3, 13
walks, 2, 2, 13
underground, 2, 2, 13
type, 5, 5, 13
totally, 4, 3, 13
three, 6, 6, 13
tense, 3, 3, 13
suspected, 2, 2, 13
spoiler, 5, 5, 13
sign, 2, 2, 13
shadow, 3, 2, 13
sexually, 3, 3, 13
research, 2, 2, 13
referred, 3, 3, 13
real, 7, 7, 13
rage, 2, 2, 13
questions, 5, 3, 13
picked, 4, 4, 13
months, 3, 3, 13
model, 2, 2, 13
meant, 5, 4, 13
mate, 1, 1, 13
law, 4, 3, 13
ladder, 2, 2, 13
keeping, 2, 2, 13
involved, 2, 2, 13
introduced, 2, 2, 13
greatest, 3, 3, 13
general, 3, 3, 13
fugue, 3, 2, 13
fired, 2, 2, 13
evil, 4, 4, 13
enforcement, 4, 3, 13
drugs, 5, 5, 13
downer, 1, 1, 13
confused, 4, 4, 13
climbing, 2, 2, 13
cheers, 1, 1, 13
calm, 3, 2, 13
called, 4, 4, 13
became, 7, 5, 13
badass, 3, 3, 13
authorities, 2, 2, 13
acted, 2, 2, 13
across, 4, 4, 13
ac, 2, 2, 13
yells, 1, 1, 12
xd, 1, 1, 12
worry, 1, 1, 12
wont, 1, 1, 12
wasting, 3, 3, 12
walters, 2, 2, 12
walls, 1, 1, 12
wake, 1, 1, 12
volcano, 1, 1, 12
venezia, 2, 2, 12
vague, 1, 1, 12
updown, 1, 1, 12
thoughts, 2, 2, 12
tat, 1, 1, 12
suicide, 1, 1, 12
success, 3, 3, 12
stripey, 1, 1, 12
steam, 1, 1, 12
standing, 2, 1, 12
stairs, 1, 1, 12
staff, 1, 1, 12
similarities, 1, 1, 12
silent, 1, 1, 12
save, 6, 6, 12
s4e01, 1, 1, 12
rife, 1, 1, 12
revving, 1, 1, 12
reveal, 2, 2, 12
rests, 1, 1, 12
respect, 3, 3, 12
resolute, 1, 1, 12
reservoir, 1, 1, 12
reliable, 1, 1, 12
refelects, 1, 1, 12
red, 2, 1, 12
rbreakingbadcomics, 2, 2, 12
raging, 1, 1, 12
pure, 4, 4, 12
publically, 1, 1, 12
projects, 1, 1, 12
progressive, 1, 1, 12
profanity, 1, 1, 12
problem, 4, 4, 12
phoenixabq, 1, 1, 12
phoenix, 1, 1, 12
particular, 4, 4, 12
pack, 2, 2, 12
missing, 2, 2, 12
locking, 1, 1, 12
lid, 1, 1, 12
lets, 1, 1, 12
ladders, 1, 1, 12
krazy, 1, 1, 12
kinda, 3, 3, 12
jokingly, 1, 1, 12
ironic, 1, 1, 12
intensifies, 1, 1, 12
integrity, 1, 1, 12
insane, 1, 1, 12
indirectly, 1, 1, 12
indicate, 1, 1, 12
incident, 3, 3, 12
improvised, 1, 1, 12
imprisoned, 1, 1, 12
hints, 1, 1, 12
helicopter, 1, 1, 12
happening, 1, 1, 12
hankwaltgomez, 1, 1, 12
growing, 2, 2, 12
gray, 4, 3, 12
goodness, 1, 1, 12
gently, 1, 1, 12
ft, 6, 3, 12
forgives, 1, 1, 12
foreboding, 1, 1, 12
floor, 1, 1, 12
flames, 1, 1, 12
figure, 2, 2, 12
favourite, 2, 2, 12
fault, 1, 1, 12
fathers, 1, 1, 12
fashion, 1, 1, 12
falling, 1, 1, 12
facade, 1, 1, 12
enlightenment, 1, 1, 12
emotion, 3, 3, 12
elevators, 1, 1, 12
eep, 1, 1, 12
eat, 2, 2, 12
dogsesque, 1, 1, 12
disliking, 3, 3, 12
dislike, 3, 3, 12
disasters, 1, 1, 12
devilreferences, 1, 1, 12
depressed, 1, 1, 12
demotion, 1, 1, 12
defeated, 1, 1, 12
dealers, 14, 7, 12
crossing, 2, 2, 12
considering, 3, 3, 12
complaining, 1, 1, 12
committing, 1, 1, 12
colours, 2, 1, 12
co, 1, 1, 12
cinematography, 1, 1, 12
challenged, 1, 1, 12
center, 1, 1, 12
cast, 1, 1, 12
buy, 7, 5, 12
bugged, 2, 2, 12
blown, 1, 1, 12
bite, 1, 1, 12
awful, 3, 3, 12
aviation, 1, 1, 12
atrocities, 1, 1, 12
antics, 1, 1, 12
annoyance, 1, 1, 12
actual, 3, 3, 12
understandable, 3, 3, 11
tired, 4, 3, 11
suspicious, 5, 3, 11
suspect, 2, 2, 11
support, 3, 3, 11
recommend, 4, 4, 11
proceeded, 2, 2, 11
possibly, 2, 2, 11
portrayed, 2, 2, 11
pinkmans, 4, 3, 11
perhaps, 5, 5, 11
owned, 1, 1, 11
nothingness, 1, 1, 11
nobrainer, 1, 1, 11
matches, 1, 1, 11
loss, 2, 2, 11
locally, 1, 1, 11
listening, 2, 2, 11
link, 4, 4, 11
lighter, 3, 3, 11
leaving, 2, 2, 11
knowing, 6, 5, 11
hey, 3, 3, 11
hallway, 1, 1, 11
gino, 1, 1, 11
gail, 5, 2, 11
fun, 6, 6, 11
free, 3, 3, 11
focused, 2, 2, 11
facial, 2, 2, 11
expressions, 2, 2, 11
exists, 1, 1, 11
entertaining, 2, 2, 11
effects, 2, 2, 11
effect, 2, 2, 11
dirty, 2, 2, 11
directed, 2, 2, 11
deep, 9, 5, 11
dangerous, 2, 2, 11
cool, 4, 4, 11
child, 6, 4, 11
cash, 3, 3, 11
brother, 3, 3, 11
bluffing, 3, 2, 11
beautifully, 3, 3, 11
badge, 3, 2, 11
answer, 6, 6, 11
andrea, 3, 3, 11
amc, 3, 2, 11
agents, 3, 2, 11
abq, 1, 1, 11
20, 3, 3, 11
wash, 6, 6, 10
votes, 1, 1, 10
via, 2, 2, 10
uses, 2, 2, 10
unit, 3, 3, 10
unable, 2, 2, 10
toward, 2, 2, 10
thrown, 2, 2, 10
storage, 3, 3, 10
sociopaths, 2, 2, 10
smart, 3, 3, 10
screw, 2, 2, 10
quick, 2, 2, 10
quality, 4, 3, 10
points, 3, 3, 10
planning, 5, 4, 10
murdered, 2, 2, 10
moron, 1, 1, 10
media, 3, 2, 10
legacy, 1, 1, 10
lead, 2, 2, 10
including, 3, 2, 10
hospital, 3, 3, 10
hope, 3, 3, 10
hired, 4, 3, 10
hard, 7, 5, 10
guns, 3, 2, 10
ginny, 2, 2, 10
gift, 2, 2, 10
fourth, 2, 2, 10
four, 2, 2, 10
formula, 2, 2, 10
fed, 2, 2, 10
discussed, 3, 3, 10
dealing, 4, 3, 10
crap, 4, 3, 10
camera, 3, 3, 10
calls, 3, 3, 10
bringing, 2, 2, 10
biggest, 2, 2, 10
basement, 5, 4, 10
attempt, 3, 3, 10
assumed, 4, 4, 10
assemble, 1, 1, 10
anyway, 2, 2, 10
agrees, 2, 2, 10
write, 3, 3, 9
window, 2, 2, 9
whereas, 2, 2, 9
weird, 5, 3, 9
warn, 1, 1, 9
volumes, 1, 1, 9
voicemail, 1, 1, 9
visible, 2, 2, 9
unless, 2, 2, 9
unintelligent, 1, 1, 9
unfortunately, 3, 3, 9
understood, 4, 2, 9
twins, 1, 1, 9
troublesome, 1, 1, 9
tries, 1, 1, 9
tranquila, 1, 1, 9
threw, 1, 1, 9
taste, 3, 3, 9
takedown, 1, 1, 9
surprised, 3, 3, 9
strong, 2, 2, 9
states, 1, 1, 9
spared, 1, 1, 9
sometime, 2, 1, 9
six, 1, 1, 9
silently, 1, 1, 9
shooting, 1, 1, 9
shine, 1, 1, 9
share, 2, 2, 9
scholarship, 1, 1, 9
salud, 2, 1, 9
s3, 1, 1, 9
reluctantly, 1, 1, 9
refreshing, 1, 1, 9
reconnect, 1, 1, 9
raised, 1, 1, 9
pushed, 3, 3, 9
purpose, 4, 3, 9
providing, 1, 1, 9
proud, 1, 1, 9
politely, 1, 1, 9
polished, 1, 1, 9
phonecall, 1, 1, 9
peaceful, 1, 1, 9
patient, 1, 1, 9
paced, 1, 1, 9
offer, 2, 2, 9
occasionally, 1, 1, 9
obligated, 1, 1, 9
neonazis, 2, 2, 9
motivator, 5, 4, 9
mistake, 3, 3, 9
minutes, 1, 1, 9
mentorship, 1, 1, 9
menacing, 1, 1, 9
lots, 3, 3, 9
losing, 1, 1, 9
lonely, 1, 1, 9
listen, 3, 3, 9
liking, 3, 3, 9
lawyers, 1, 1, 9
laundress, 1, 1, 9
latest, 1, 1, 9
language, 1, 1, 9
intense, 1, 1, 9
illness, 1, 1, 9
huge, 3, 3, 9
hold, 2, 2, 9
heck, 1, 1, 9
heartrending, 1, 1, 9
hands, 2, 2, 9
gatorade, 1, 1, 9
friends, 4, 4, 9
folded, 1, 1, 9
focuses, 4, 4, 9
flip, 3, 3, 9
finger, 2, 2, 9
falls, 2, 2, 9
executive, 2, 1, 9
excellently, 1, 1, 9
em, 1, 1, 9
e2, 1, 1, 9
donations, 2, 2, 9
disregard, 2, 2, 9
didnt, 3, 3, 9
devastation, 1, 1, 9
devastating, 1, 1, 9
detail, 3, 3, 9
demands, 2, 2, 9
crowning, 1, 1, 9
crank, 1, 1, 9
convince, 2, 2, 9
consulting, 2, 2, 9
conclusion, 1, 1, 9
communication, 1, 1, 9
characterdriven, 1, 1, 9
casa, 1, 1, 9
cares, 1, 1, 9
cards, 1, 1, 9
building, 3, 3, 9
breakdown, 1, 1, 9
bothers, 1, 1, 9
boss, 1, 1, 9
blackmail, 1, 1, 9
bits, 2, 2, 9
biased, 1, 1, 9
belongings, 1, 1, 9
beat, 3, 3, 9
alright, 2, 2, 9
adult, 1, 1, 9
actors, 1, 1, 9
accept, 1, 1, 9
writers, 4, 3, 8
week, 2, 2, 8
visited, 2, 2, 8
valley, 2, 2, 8
twice, 4, 4, 8
touch, 1, 1, 8
synthesis, 1, 1, 8
straight, 3, 3, 8
skinny, 3, 3, 8
sink, 2, 2, 8
sent, 2, 2, 8
selfserving, 2, 2, 8
sale, 3, 2, 8
sake, 2, 2, 8
rubio, 1, 1, 8
role, 3, 2, 8
road, 1, 1, 8
risky, 3, 2, 8
revealed, 1, 1, 8
remembering, 2, 2, 8
reenact, 1, 1, 8
recognized, 2, 2, 8
realistically, 1, 1, 8
read, 8, 8, 8
reach, 1, 1, 8
quickly, 1, 1, 8
quibble, 1, 1, 8
protective, 1, 1, 8
pride, 3, 3, 8
pete, 2, 2, 8
performing, 1, 1, 8
overall, 1, 1, 8
note, 3, 2, 8
movie, 1, 1, 8
moral, 4, 3, 8
mib, 1, 1, 8
loves, 3, 3, 8
lol, 6, 5, 8
lmao, 1, 1, 8
lily, 2, 2, 8
lightly, 2, 2, 8
keys, 2, 2, 8
jail, 1, 1, 8
income, 2, 2, 8
im, 2, 2, 8
ignition, 2, 2, 8
huell, 1, 1, 8
hoping, 2, 2, 8
holding, 2, 2, 8
hillary, 3, 1, 8
haha, 3, 3, 8
group, 3, 3, 8
gear, 2, 2, 8
forceful, 1, 1, 8
flynn, 1, 1, 8
flaws, 2, 2, 8
figured, 3, 3, 8
factor, 3, 3, 8
expert, 2, 2, 8
exact, 2, 2, 8
enclosed, 2, 2, 8
easy, 3, 3, 8
duh, 1, 1, 8
drag, 1, 1, 8
decides, 2, 2, 8
cruz, 1, 1, 8
crew, 1, 1, 8
creator, 3, 2, 8
created, 2, 2, 8
crazy, 3, 3, 8
collapses, 2, 2, 8
classes, 1, 1, 8
card, 1, 1, 8
bullet, 6, 4, 8
bogdan, 1, 1, 8
bernie, 5, 1, 8
backup, 1, 1, 8
babies, 3, 3, 8
axe, 2, 2, 8
assuming, 2, 2, 8
aspect, 1, 1, 8
argument, 3, 3, 8
yelled, 1, 1, 7
works, 1, 1, 7
wide, 1, 1, 7
weighing, 1, 1, 7
wallet, 1, 1, 7
victims, 1, 1, 7
value, 2, 2, 7
transpired, 1, 1, 7
trail, 1, 1, 7
tracks, 3, 2, 7
track, 1, 1, 7
tortuga, 1, 1, 7
tl, 1, 1, 7
thumbs, 1, 1, 7
theories, 2, 2, 7
terrible, 1, 1, 7
tapping, 1, 1, 7
sweet, 2, 2, 7
suspicion, 1, 1, 7
supported, 1, 1, 7
subsequent, 2, 1, 7
subreddit, 2, 2, 7
striking, 1, 1, 7
strategist, 1, 1, 7
steered, 1, 1, 7
stalking, 1, 1, 7
squad, 1, 1, 7
spends, 1, 1, 7
sooner, 1, 1, 7
somewhat, 4, 4, 7
smiling, 1, 1, 7
situation, 4, 4, 7
similarly, 2, 2, 7
shack, 2, 1, 7
setup, 1, 1, 7
salamanca, 1, 1, 7
sad, 3, 3, 7
rough, 1, 1, 7
rock, 2, 2, 7
roberts, 1, 1, 7
risks, 2, 1, 7
returned, 1, 1, 7
respectfully, 1, 1, 7
resort, 3, 2, 7
resist, 1, 1, 7
repercussions, 1, 1, 7
remainder, 1, 1, 7
relishing, 1, 1, 7
regrets, 2, 2, 7
record, 1, 1, 7
recall, 2, 2, 7
reasonings, 1, 1, 7
reasoning, 1, 1, 7
realized, 3, 3, 7
questioned, 1, 1, 7
quantity, 1, 1, 7
pinochet, 1, 1, 7
pinata, 1, 1, 7
pervasive, 1, 1, 7
paranoid, 1, 1, 7
overcome, 1, 1, 7
outcomes, 1, 1, 7
organization, 1, 1, 7
operation, 2, 2, 7
obligation, 2, 1, 7
none, 1, 1, 7
neo, 2, 2, 7
nazi, 2, 2, 7
nasty, 1, 1, 7
multiple, 1, 1, 7
moves, 1, 1, 7
motives, 2, 2, 7
monitored, 1, 1, 7
monetary, 2, 2, 7
minimize, 1, 1, 7
methamphetamine, 1, 1, 7
mess, 2, 2, 7
merkert, 1, 1, 7
mentioned, 4, 4, 7
mention, 2, 2, 7
meets, 1, 1, 7
meet, 1, 1, 7
medical, 1, 1, 7
masterfully, 1, 1, 7
market, 2, 2, 7
mad, 4, 3, 7
lying, 2, 1, 7
kidnapping, 1, 1, 7
junkyard, 2, 1, 7
judgement, 1, 1, 7
jar, 1, 1, 7
issues, 1, 1, 7
ip, 1, 1, 7
investment, 1, 1, 7
inventing, 1, 1, 7
initial, 1, 1, 7
influence, 1, 1, 7
independence, 2, 2, 7
implied, 2, 2, 7
imagery, 1, 1, 7
illegal, 1, 1, 7
ie, 1, 1, 7
identity, 4, 1, 7
hunted, 1, 1, 7
humoring, 1, 1, 7
humanity, 2, 2, 7
hid, 1, 1, 7
gunn, 3, 3, 7
grasp, 1, 1, 7
government, 1, 1, 7
goodbyes, 1, 1, 7
glory, 1, 1, 7
finest, 2, 2, 7
filekeepers, 1, 1, 7
fell, 2, 2, 7
famous, 2, 2, 7
express, 1, 1, 7
explanation, 2, 2, 7
exonerate, 1, 1, 7
excuses, 1, 1, 7
examines, 1, 1, 7
escaped, 2, 1, 7
entirely, 1, 1, 7
engage, 1, 1, 7
elsewhere, 1, 1, 7
elevator, 2, 1, 7
effective, 4, 4, 7
drink, 2, 2, 7
drew, 2, 2, 7
dr, 1, 1, 7
downright, 1, 1, 7
donation, 1, 1, 7
ditch, 2, 2, 7
despair, 1, 1, 7
deny, 1, 1, 7
demise, 1, 1, 7
deflects, 1, 1, 7
defense, 1, 1, 7
decisions, 1, 1, 7
dare, 1, 1, 7
cutting, 2, 2, 7
curious, 3, 3, 7
copy, 2, 2, 7
coolly, 1, 1, 7
contradicts, 2, 2, 7
contemplates, 1, 1, 7
contained, 1, 1, 7
consisted, 1, 1, 7
consider, 2, 2, 7
confirmed, 1, 1, 7
conductor, 1, 1, 7
compromised, 2, 1, 7
colorblind, 1, 1, 7
coerced, 1, 1, 7
clutches, 1, 1, 7
cloud, 1, 1, 7
claims, 1, 1, 7
city, 1, 1, 7
chicken, 2, 2, 7
capture, 1, 1, 7
calmly, 1, 1, 7
butterfly, 1, 1, 7
businessfocused, 1, 1, 7
buddy, 1, 1, 7
bolsa, 2, 1, 7
betrayal, 1, 1, 7
besides, 1, 1, 7
berated, 1, 1, 7
beforehand, 1, 1, 7
battery, 2, 2, 7
awhile, 1, 1, 7
attacks, 1, 1, 7
attacked, 1, 1, 7
association, 1, 1, 7
assaulted, 2, 2, 7
ass, 4, 4, 7
approached, 1, 1, 7
appearance, 2, 2, 7
anyways, 1, 1, 7
anna, 3, 3, 7
anchoring, 1, 1, 7
amongst, 1, 1, 7
ama, 1, 1, 7
alibis, 1, 1, 7
albuquerque, 5, 4, 7
albeit, 1, 1, 7
affairs, 1, 1, 7
admitting, 1, 1, 7
accountability, 1, 1, 7
abortion, 2, 2, 7
002, 1, 1, 7
xacto, 2, 1, 6
woman, 1, 1, 6
wiiiire, 1, 1, 6
weeks, 2, 2, 6
wallflower, 1, 1, 6
vital, 1, 1, 6
virtually, 1, 1, 6
villain, 2, 1, 6
viewing, 3, 2, 6
vengeful, 1, 1, 6
vanity, 1, 1, 6
vampire, 1, 1, 6
useless, 1, 1, 6
upside, 1, 1, 6
unwatchable, 1, 1, 6
unsellable, 1, 1, 6
ungrateful, 1, 1, 6
underlines, 1, 1, 6
uncomfortable, 3, 3, 6
trusted, 1, 1, 6
treats, 1, 1, 6
toxic, 1, 1, 6
tiniest, 1, 1, 6
theme, 1, 1, 6
term, 1, 1, 6
teeth, 2, 1, 6
tank, 3, 2, 6
symbols, 2, 2, 6
supplier, 1, 1, 6
suddenly, 1, 1, 6
stunningly, 1, 1, 6
staring, 1, 1, 6
spouse, 1, 1, 6
spoiling, 1, 1, 6
spoiled, 2, 2, 6
spent, 2, 2, 6
spell, 2, 2, 6
speech, 1, 1, 6
sopranosautopsycom, 1, 1, 6
sopranos, 1, 1, 6
somewhere, 4, 4, 6
somebody, 1, 1, 6
snuck, 1, 1, 6
slayer, 1, 1, 6
sharp, 1, 1, 6
seven, 1, 1, 6
service, 1, 1, 6
serie, 2, 2, 6
selfentitled, 1, 1, 6
seeking, 1, 1, 6
search, 4, 3, 6
screenshot, 1, 1, 6
savvy, 1, 1, 6
russian, 1, 1, 6
rsurvivor, 1, 1, 6
returning, 1, 1, 6
retain, 1, 1, 6
represent, 1, 1, 6
remediate, 1, 1, 6
regarding, 1, 1, 6
regain, 2, 2, 6
refuses, 1, 1, 6
reasonable, 2, 2, 6
reactor, 1, 1, 6
provide, 2, 2, 6
prototypical, 1, 1, 6
professional, 4, 4, 6
professes, 1, 1, 6
privilege, 1, 1, 6
pretend, 1, 1, 6
presented, 1, 1, 6
premise, 1, 1, 6
preferably, 1, 1, 6
pocket, 1, 1, 6
planet, 1, 1, 6
philosophical, 1, 1, 6
petty, 1, 1, 6
pens, 1, 1, 6
penetrating, 1, 1, 6
patiently, 1, 1, 6
pathetic, 1, 1, 6
partner, 3, 3, 6
paper, 5, 5, 6
overthe, 1, 1, 6
opposite, 1, 1, 6
opportunities, 1, 1, 6
opinions, 1, 1, 6
offers, 1, 1, 6
objects, 1, 1, 6
notepad, 1, 1, 6
nonthreat, 1, 1, 6
nerdy, 1, 1, 6
nazis, 2, 2, 6
nazilike, 1, 1, 6
namedrops, 1, 1, 6
music, 2, 2, 6
mother, 1, 1, 6
montage, 2, 2, 6
mitte, 2, 2, 6
merely, 1, 1, 6
mend, 1, 1, 6
members, 1, 1, 6
massive, 1, 1, 6
marry, 1, 1, 6
marijuana, 1, 1, 6
magic, 2, 2, 6
lurker, 1, 1, 6
lugging, 1, 1, 6
loud, 1, 1, 6
loser, 1, 1, 6
lose, 2, 2, 6
los, 1, 1, 6
living, 3, 3, 6
lip, 1, 1, 6
learning, 1, 1, 6
leading, 1, 1, 6
lazy, 1, 1, 6
lay, 2, 2, 6
kowtowing, 1, 1, 6
kid, 9, 8, 6
jk, 1, 1, 6
irrelevant, 1, 1, 6
investigation, 2, 2, 6
intellectually, 1, 1, 6
instantly, 1, 1, 6
inprogress, 1, 1, 6
inevitable, 1, 1, 6
inappropriate, 1, 1, 6
important, 3, 3, 6
impact, 1, 1, 6
immediately, 3, 3, 6
imgur, 1, 1, 6
hypocrisy, 1, 1, 6
hot, 1, 1, 6
hint, 1, 1, 6
hi, 1, 1, 6
ground, 1, 1, 6
grass, 1, 1, 6
genius, 2, 2, 6
gap, 1, 1, 6
fromand, 1, 1, 6
freedom, 1, 1, 6
foil, 1, 1, 6
figuring, 1, 1, 6
field, 1, 1, 6
feeding, 1, 1, 6
failure, 1, 1, 6
exploit, 1, 1, 6
expect, 3, 3, 6
examinations, 1, 1, 6
erudite, 1, 1, 6
error, 1, 1, 6
entitled, 1, 1, 6
endings, 2, 2, 6
ego, 3, 1, 6
effectively, 2, 2, 6
dynamics, 1, 1, 6
disrespects, 1, 1, 6
disgusted, 1, 1, 6
discussing, 1, 1, 6
disclose, 2, 1, 6
depending, 1, 1, 6
deeper, 2, 2, 6
cup, 2, 1, 6
criminal, 1, 1, 6
creative, 1, 1, 6
counter, 3, 3, 6
cooks, 2, 2, 6
controlled, 1, 1, 6
continuity, 1, 1, 6
continues, 1, 1, 6
constantly, 1, 1, 6
confirm, 1, 1, 6
commenters, 1, 1, 6
commented, 1, 1, 6
coincides, 1, 1, 6
clued, 1, 1, 6
club, 1, 1, 6
chippy, 1, 1, 6
checks, 1, 1, 6
cheated, 1, 1, 6
cell, 1, 1, 6
catching, 1, 1, 6
calculated, 1, 1, 6
butyeah, 1, 1, 6
buffy, 1, 1, 6
broad, 1, 1, 6
brag, 1, 1, 6
blanking, 1, 1, 6
bitterness, 1, 1, 6
bitcoins, 1, 1, 6
benefits, 1, 1, 6
beneficiaries, 1, 1, 6
bathroom, 1, 1, 6
backor, 1, 1, 6
av, 1, 1, 6
autopsy, 1, 1, 6
attorneyclient, 1, 1, 6
attempting, 1, 1, 6
atomic, 2, 2, 6
appreciative, 1, 1, 6
appreciates, 1, 1, 6
appreciate, 2, 2, 6
apology, 1, 1, 6
apologize, 1, 1, 6
answered, 3, 2, 6
ambiguous, 2, 2, 6
allowing, 1, 1, 6
akin, 1, 1, 6
airs, 2, 2, 6
airing, 1, 1, 6
ahh, 1, 1, 6
afterwards, 1, 1, 6
advance, 1, 1, 6
acting, 5, 3, 6
acronym, 1, 1, 6
9yards, 1, 1, 6
9, 3, 3, 6
507, 1, 1, 6
1st, 2, 2, 6
0, 1, 1, 6
yea, 3, 3, 5
x1, 1, 1, 5
wouldnt, 2, 2, 5
whatever, 2, 2, 5
web, 8, 4, 5
visually, 1, 1, 5
unteachable, 1, 1, 5
typical, 1, 1, 5
tequila, 1, 1, 5
television, 1, 1, 5
suggested, 1, 1, 5
subplot, 1, 1, 5
student, 2, 1, 5
stroke, 1, 1, 5
squirming, 1, 1, 5
sharing, 3, 3, 5
sentence, 1, 1, 5
selfharm, 1, 1, 5
safety, 1, 1, 5
reminiscing, 1, 1, 5
refusing, 1, 1, 5
refused, 2, 2, 5
receipt, 2, 2, 5
reappeared, 1, 1, 5
reactions, 2, 2, 5
reached, 2, 2, 5
quotation, 1, 1, 5
punish, 1, 1, 5
protect, 4, 3, 5
prints, 1, 1, 5
prequel, 3, 3, 5
prepared, 3, 3, 5
pregnancy, 2, 1, 5
pollution, 1, 1, 5
plane, 1, 1, 5
paid, 2, 2, 5
opened, 2, 2, 5
necessarily, 1, 1, 5
nap, 1, 1, 5
nah, 1, 1, 5
murderer, 1, 1, 5
miss, 2, 2, 5
misconception, 1, 1, 5
met, 2, 2, 5
mentally, 2, 2, 5
melt, 1, 1, 5
manipulate, 1, 1, 5
lucky, 2, 2, 5
lack, 1, 1, 5
kids, 3, 3, 5
included, 1, 1, 5
impossible, 2, 2, 5
ill, 2, 2, 5
hinting, 1, 1, 5
heisenelf, 1, 1, 5
heels, 1, 1, 5
guard, 3, 2, 5
gas, 8, 3, 5
gabe, 3, 2, 5
fucker, 1, 1, 5
forgot, 2, 2, 5
forgive, 1, 1, 5
force, 3, 3, 5
flat, 2, 2, 5
fall, 3, 3, 5
expecting, 2, 2, 5
encountered, 1, 1, 5
encounter, 1, 1, 5
emotionally, 1, 1, 5
ehrmantraut, 1, 1, 5
effort, 2, 2, 5
easier, 4, 4, 5
douche, 1, 1, 5
distraught, 1, 1, 5
disgusting, 1, 1, 5
discussions, 2, 2, 5
discovered, 3, 3, 5
depths, 1, 1, 5
defend, 1, 1, 5
currently, 3, 3, 5
crystal, 1, 1, 5
creation, 2, 1, 5
commercial, 1, 1, 5
closing, 1, 1, 5
caused, 1, 1, 5
carolinian, 1, 1, 5
canoe, 1, 1, 5
break, 2, 2, 5
brain, 1, 1, 5
bother, 2, 2, 5
bonus, 1, 1, 5
bloody, 1, 1, 5
bet, 2, 2, 5
beneath, 1, 1, 5
aware, 1, 1, 5
asf, 1, 1, 5
ascertain, 1, 1, 5
arrive, 1, 1, 5
adidas, 1, 1, 5
addict, 2, 2, 5
act, 2, 2, 5
accidentally, 3, 2, 5
99, 3, 2, 5
yep, 1, 1, 4
worked, 2, 2, 4
wipes, 2, 2, 4
wiped, 1, 1, 4
willfulness, 1, 1, 4
whitman, 2, 1, 4
weak, 2, 2, 4
wastching, 1, 1, 4
walked, 2, 2, 4
vote, 2, 1, 4
vitriol, 1, 1, 4
viewers, 1, 1, 4
underwood, 1, 1, 4
truly, 1, 1, 4
tough, 1, 1, 4
tied, 1, 1, 4
thinks, 1, 1, 4
team, 1, 1, 4
taxes, 1, 1, 4
tact, 1, 1, 4
sympathize, 1, 1, 4
suspiscion, 1, 1, 4
suspiciously, 1, 1, 4
subtle, 2, 2, 4
stretch, 1, 1, 4
stealing, 1, 1, 4
stand, 2, 2, 4
squander, 1, 1, 4
sobriety, 1, 1, 4
smack, 1, 1, 4
sitting, 3, 3, 4
simple, 1, 1, 4
sided, 1, 1, 4
shy, 1, 1, 4
seriousness, 1, 1, 4
sensible, 1, 1, 4
selfish, 1, 1, 4
secondthird, 1, 1, 4
scuzzy, 1, 1, 4
scenarios, 1, 1, 4
scarface, 1, 1, 4
scare, 1, 1, 4
rushed, 4, 3, 4
rinse, 1, 1, 4
riches, 1, 1, 4
remained, 1, 1, 4
released, 1, 1, 4
rehab, 1, 1, 4
reflection, 2, 2, 4
reality, 1, 1, 4
realism, 1, 1, 4
reacted, 1, 1, 4
ran, 2, 2, 4
rags, 1, 1, 4
quiet, 1, 1, 4
psychopaths, 1, 1, 4
prove, 2, 2, 4
progressed, 1, 1, 4
problems, 2, 2, 4
president, 1, 1, 4
postbomb, 1, 1, 4
pong, 1, 1, 4
poison, 3, 3, 4
ping, 1, 1, 4
persuasive, 1, 1, 4
perspective, 1, 1, 4
peddlers, 1, 1, 4
patriarchy, 1, 1, 4
ownership, 1, 1, 4
owners, 1, 1, 4
originally, 1, 1, 4
option, 1, 1, 4
op, 4, 2, 4
novelization, 1, 1, 4
noticedappreciated, 1, 1, 4
nags, 1, 1, 4
murderers, 1, 1, 4
morals, 1, 1, 4
mever, 1, 1, 4
megamind, 1, 1, 4
maneuvering, 1, 1, 4
lofty, 1, 1, 4
lit, 2, 2, 4
libertarianism, 1, 1, 4
letter, 1, 1, 4
layered, 1, 1, 4
lawyer, 3, 2, 4
killers, 1, 1, 4
kicked, 1, 1, 4
ken, 1, 1, 4
jesus, 4, 3, 4
jerks, 1, 1, 4
interfering, 1, 1, 4
interference, 1, 1, 4
interacting, 1, 1, 4
ins, 1, 1, 4
illumination, 1, 1, 4
horseman, 1, 1, 4
hit, 4, 4, 4
heavily, 2, 2, 4
hatred, 2, 2, 4
gradually, 1, 1, 4
goddamn, 2, 2, 4
gloss, 1, 1, 4
gf, 2, 2, 4
frank, 1, 1, 4
forbthe, 1, 1, 4
fool, 1, 1, 4
flynnjr, 1, 1, 4
flee, 1, 1, 4
fixing, 2, 2, 4
fire, 3, 3, 4
files, 1, 1, 4
favors, 1, 1, 4
fan, 3, 3, 4
exposed, 1, 1, 4
explaination, 2, 1, 4
expectations, 1, 1, 4
exception, 2, 1, 4
eventual, 1, 1, 4
entertain, 1, 1, 4
engaging, 1, 1, 4
earlier, 2, 2, 4
dragged, 1, 1, 4
disowned, 1, 1, 4
dingus, 1, 1, 4
dilemma, 2, 2, 4
defending, 1, 1, 4
declined, 2, 2, 4
declares, 1, 1, 4
dealings, 1, 1, 4
date, 1, 1, 4
dash, 1, 1, 4
crush, 1, 1, 4
country, 3, 3, 4
countries, 1, 1, 4
contaminate, 1, 1, 4
constitution, 1, 1, 4
consistently, 2, 2, 4
condescending, 1, 1, 4
classic, 2, 2, 4
clashed, 1, 1, 4
claimed, 2, 2, 4
changes, 1, 1, 4
built, 1, 1, 4
brotherinlaw, 1, 1, 4
breaker, 1, 1, 4
bought, 3, 2, 4
bokk, 1, 1, 4
bojack, 1, 1, 4
blow, 1, 1, 4
blocked, 1, 1, 4
bern, 1, 1, 4
becomes, 2, 2, 4
beating, 2, 2, 4
bc, 2, 2, 4
authoritative, 1, 1, 4
associate, 2, 2, 4
arbitrarily, 1, 1, 4
apart, 1, 1, 4
anticipate, 1, 1, 4
analyze, 1, 1, 4
amazingly, 1, 1, 4
admits, 1, 1, 4
ability, 2, 2, 4
youuuu, 1, 1, 3
wrote, 1, 1, 3
workstation, 1, 1, 3
wordless, 1, 1, 3
within, 1, 1, 3
weeksmonths, 1, 1, 3
weekend, 2, 2, 3
washes, 2, 2, 3
wage, 1, 1, 3
vomit, 1, 1, 3
voluntarily, 1, 1, 3
volatility, 1, 1, 3
visitor, 1, 1, 3
vikings, 1, 1, 3
viewer, 1, 1, 3
usually, 2, 2, 3
unpredictable, 1, 1, 3
uneasy, 1, 1, 3
unarmed, 1, 1, 3
trust, 1, 1, 3
trumped, 1, 1, 3
triangle, 1, 1, 3
treating, 1, 1, 3
towel, 1, 1, 3
tone, 1, 1, 3
thrones, 1, 1, 3
thrilled, 1, 1, 3
theyre, 1, 1, 3
therefore, 1, 1, 3
terribly, 2, 1, 3
terriblies, 1, 1, 3
tenure, 1, 1, 3
talks, 1, 1, 3
talked, 1, 1, 3
talent, 1, 1, 3
taken, 1, 1, 3
suspended, 1, 1, 3
superlab, 1, 1, 3
suggestive, 1, 1, 3
subconsciously, 1, 1, 3
streets, 1, 1, 3
street, 1, 1, 3
stick, 1, 1, 3
startup, 1, 1, 3
stacks, 1, 1, 3
splitting, 2, 2, 3
speaks, 1, 1, 3
sound, 1, 1, 3
sorts, 1, 1, 3
someplace, 1, 1, 3
somehow, 2, 2, 3
sneaking, 1, 1, 3
sliced, 1, 1, 3
sits, 1, 1, 3
sit, 2, 2, 3
sight, 1, 1, 3
shade, 1, 1, 3
serieswhich, 1, 1, 3
script, 1, 1, 3
sales, 1, 1, 3
s2, 1, 1, 3
ruined, 2, 2, 3
romantic, 1, 1, 3
ripped, 1, 1, 3
rewarded, 1, 1, 3
reward, 1, 1, 3
restaurant, 1, 1, 3
respond, 3, 2, 3
respects, 1, 1, 3
representative, 1, 1, 3
replied, 1, 1, 3
replace, 2, 2, 3
relevant, 1, 1, 3
refusal, 1, 1, 3
reflecting, 1, 1, 3
reckon, 1, 1, 3
recipe, 1, 1, 3
recalls, 1, 1, 3
reacting, 1, 1, 3
pursue, 1, 1, 3
purity, 1, 1, 3
purely, 2, 2, 3
punch, 1, 1, 3
proved, 1, 1, 3
protection, 1, 1, 3
proposed, 1, 1, 3
properly, 1, 1, 3
proof, 1, 1, 3
productive, 1, 1, 3
product, 3, 3, 3
prissy, 1, 1, 3
pressure, 1, 1, 3
powwow, 1, 1, 3
ponder, 1, 1, 3
ploy, 1, 1, 3
pleas, 1, 1, 3
plays, 1, 1, 3
planned, 1, 1, 3
plain, 1, 1, 3
pinpoint, 1, 1, 3
persistent, 1, 1, 3
period, 1, 1, 3
path, 1, 1, 3
paltry, 1, 1, 3
page, 1, 1, 3
overwhelmed, 1, 1, 3
outgunned, 1, 1, 3
orders, 2, 2, 3
opportunity, 2, 2, 3
offered, 1, 1, 3
obliged, 1, 1, 3
noverbal, 1, 1, 3
noting, 1, 1, 3
network, 2, 2, 3
neat, 2, 2, 3
naturally, 1, 1, 3
narrating, 1, 1, 3
moved, 2, 2, 3
mouth, 1, 1, 3
monster, 2, 2, 3
mniga, 1, 1, 3
mischievousness, 1, 1, 3
minimum, 1, 1, 3
millions, 3, 1, 3
meantime, 1, 1, 3
maxs, 2, 2, 3
max, 3, 2, 3
matters, 1, 1, 3
managed, 2, 2, 3
majority, 1, 1, 3
luck, 1, 1, 3
loyal, 1, 1, 3
lines, 1, 1, 3
laughs, 1, 1, 3
lamenting, 1, 1, 3
king, 2, 2, 3
kicks, 1, 1, 3
judge, 2, 2, 3
italy, 2, 2, 3
issue, 2, 2, 3
irony, 2, 2, 3
iron, 2, 2, 3
invented, 1, 1, 3
interested, 1, 1, 3
insinuates, 1, 1, 3
innocuous, 1, 1, 3
inner, 1, 1, 3
industries, 1, 1, 3
improved, 1, 1, 3
implausible, 1, 1, 3
image, 1, 1, 3
hunting, 2, 2, 3
hour, 1, 1, 3
hooray, 1, 1, 3
hilarious, 1, 1, 3
heat, 1, 1, 3
heads, 1, 1, 3
harbors, 1, 1, 3
grow, 1, 1, 3
grab, 1, 1, 3
gow, 1, 1, 3
goodman, 3, 3, 3
girl, 2, 2, 3
gene, 2, 2, 3
gender, 1, 1, 3
gases, 1, 1, 3
game, 1, 1, 3
fussy, 1, 1, 3
furious, 1, 1, 3
fruition, 1, 1, 3
friendship, 1, 1, 3
freaks, 1, 1, 3
formulate, 1, 1, 3
formidable, 1, 1, 3
flourish, 1, 1, 3
fires, 1, 1, 3
financial, 1, 1, 3
fighting, 1, 1, 3
fascinating, 2, 2, 3
facility, 1, 1, 3
expandable, 1, 1, 3
exacto, 1, 1, 3
everyday, 1, 1, 3
event, 1, 1, 3
estimate, 1, 1, 3
entry, 1, 1, 3
employees, 1, 1, 3
eerie, 1, 1, 3
duo, 1, 1, 3
druglord, 1, 1, 3
draw, 1, 1, 3
dose, 1, 1, 3
doctors, 1, 1, 3
distraction, 1, 1, 3
dispenser, 1, 1, 3
disinterested, 1, 1, 3
disdain, 1, 1, 3
disappearer, 2, 2, 3
directing, 1, 1, 3
dig, 1, 1, 3
difference, 3, 3, 3
diamond, 1, 1, 3
dialogue, 2, 2, 3
diagnosis, 1, 1, 3
destroyed, 1, 1, 3
destroy, 2, 2, 3
destined, 1, 1, 3
demanding, 1, 1, 3
defects, 2, 2, 3
decent, 2, 2, 3
daily, 1, 1, 3
customers, 1, 1, 3
craft, 1, 1, 3
coupon, 1, 1, 3
counterintuitive, 1, 1, 3
copied, 1, 1, 3
cope, 1, 1, 3
continuation, 1, 1, 3
considered, 2, 2, 3
confessing, 1, 1, 3
concerns, 1, 1, 3
compares, 1, 1, 3
commit, 1, 1, 3
clueless, 1, 1, 3
clue, 1, 1, 3
ck, 1, 1, 3
cinnabon, 2, 2, 3
church, 1, 1, 3
christ, 2, 2, 3
cars, 1, 1, 3
buyout, 1, 1, 3
bugs, 1, 1, 3
breakfast, 2, 2, 3
boom, 1, 1, 3
blindsided, 1, 1, 3
blatant, 1, 1, 3
birth, 3, 2, 3
bigger, 3, 2, 3
bells, 1, 1, 3
begin, 1, 1, 3
began, 1, 1, 3
banged, 1, 1, 3
available, 2, 2, 3
australia, 1, 1, 3
associating, 1, 1, 3
ashamed, 1, 1, 3
artificial, 1, 1, 3
arrested, 1, 1, 3
approach, 1, 1, 3
appointment, 1, 1, 3
apologetic, 1, 1, 3
ally, 1, 1, 3
alive, 4, 4, 3
aired, 1, 1, 3
ahead, 2, 2, 3
agreed, 2, 2, 3
age, 1, 1, 3
affront, 2, 2, 3
admittedly, 1, 1, 3
addition, 1, 1, 3
adding, 1, 1, 3
active, 1, 1, 3
ace, 1, 1, 3
according, 2, 2, 3
accomplished, 1, 1, 3
abandoned, 1, 1, 3
aaa, 1, 1, 3
52, 1, 1, 3
51, 1, 1, 3
35th, 1, 1, 3
youre, 1, 1, 2
yesterday, 1, 1, 2
ya, 1, 1, 2
xpost, 1, 1, 2
wrenching, 1, 1, 2
wolfpack, 1, 1, 2
wheelchair, 1, 1, 2
wellcrafted, 1, 1, 2
weed, 1, 1, 2
washers, 1, 1, 2
washed, 1, 1, 2
warning, 1, 1, 2
wanting, 2, 2, 2
wall, 1, 1, 2
visceral, 1, 1, 2
visavis, 1, 1, 2
vacuuming, 1, 1, 2
users, 1, 1, 2
uplifting, 1, 1, 2
unspecified, 1, 1, 2
unpopular, 1, 1, 2
unfold, 1, 1, 2
ucookiebaba, 1, 1, 2
tumblr, 1, 1, 2
trouble, 1, 1, 2
trek, 1, 1, 2
trash, 1, 1, 2
trait, 1, 1, 2
touching, 1, 1, 2
tip, 1, 1, 2
threatened, 2, 2, 2
threat, 2, 2, 2
therapy, 2, 1, 2
terms, 1, 1, 2
tend, 1, 1, 2
tempo, 1, 1, 2
technicalities, 1, 1, 2
tears, 1, 1, 2
tax, 1, 1, 2
tastes, 1, 1, 2
target, 1, 1, 2
tagged, 1, 1, 2
sweat, 1, 1, 2
suspects, 1, 1, 2
surpassing, 1, 1, 2
suppliers, 1, 1, 2
superseded, 1, 1, 2
superbowl, 1, 1, 2
sunday, 1, 1, 2
succumbed, 1, 1, 2
successfully, 1, 1, 2
subjective, 1, 1, 2
stumped, 1, 1, 2
stumble, 1, 1, 2
struggling, 1, 1, 2
strikes, 1, 1, 2
strengths, 1, 1, 2
storyline, 3, 2, 2
stone, 1, 1, 2
stomach, 1, 1, 2
stashed, 1, 1, 2
stankonia, 1, 1, 2
standards, 1, 1, 2
sprinkled, 1, 1, 2
spinning, 1, 1, 2
speaking, 2, 2, 2
sort, 1, 1, 2
sons, 1, 1, 2
soft, 1, 1, 2
sodium, 2, 1, 2
sock, 1, 1, 2
social, 2, 2, 2
sneaky, 1, 1, 2
sleeping, 3, 2, 2
slap, 1, 1, 2
sky, 1, 1, 2
skit, 1, 1, 2
sites, 1, 1, 2
sinking, 1, 1, 2
sick, 1, 1, 2
shower, 1, 1, 2
shoots, 1, 1, 2
shooter, 1, 1, 2
shoe, 1, 1, 2
shitwalt, 1, 1, 2
shits, 1, 1, 2
sheds, 1, 1, 2
seat, 2, 2, 2
scarred, 1, 1, 2
scar, 1, 1, 2
savor, 1, 1, 2
saves, 1, 1, 2
sat, 1, 1, 2
sadistic, 1, 1, 2
ruse, 1, 1, 2
running, 2, 2, 2
rooting, 1, 1, 2
rookie, 1, 1, 2
roller, 1, 1, 2
rolled, 1, 1, 2
rj, 1, 1, 2
rights, 1, 1, 2
rian, 1, 1, 2
revolve, 1, 1, 2
renegotiated, 1, 1, 2
reminds, 1, 1, 2
relief, 1, 1, 2
relatable, 1, 1, 2
reiterates, 1, 1, 2
referenced, 1, 1, 2
reading, 2, 2, 2
rationality, 1, 1, 2
rational, 2, 1, 2
rare, 1, 1, 2
randomly, 1, 1, 2
purchases, 1, 1, 2
pull, 1, 1, 2
psychotic, 1, 1, 2
psycho, 1, 1, 2
ps, 1, 1, 2
property, 1, 1, 2
professionals, 1, 1, 2
priorities, 1, 1, 2
prior, 1, 1, 2
previous, 2, 1, 2
practice, 1, 1, 2
pour, 1, 1, 2
potentially, 1, 1, 2
potassium, 1, 1, 2
portray, 1, 1, 2
pointed, 1, 1, 2
plenty, 1, 1, 2
player, 1, 1, 2
plant, 2, 2, 2
plan, 2, 2, 2
placed, 1, 1, 2
pivot, 1, 1, 2
pitch, 1, 1, 2
pieces, 2, 2, 2
persuade, 1, 1, 2
par, 1, 1, 2
palpable, 1, 1, 2
pale, 1, 1, 2
outkast, 1, 1, 2
ought, 1, 1, 2
originalpostsearcher, 1, 1, 2
original, 1, 1, 2
ordered, 1, 1, 2
orchestrated, 1, 1, 2
open, 2, 1, 2
ooh, 1, 1, 2
oitnb, 1, 1, 2
ofc, 1, 1, 2
ocean, 1, 1, 2
occasional, 1, 1, 2
nowhere, 2, 2, 2
noticeable, 1, 1, 2
nicely, 1, 1, 2
neither, 1, 1, 2
nearly, 1, 1, 2
nearaly, 1, 1, 2
murderous, 1, 1, 2
motivation, 2, 2, 2
moderate, 1, 1, 2
mobile, 1, 1, 2
mitch, 2, 1, 2
misused, 1, 1, 2
misunderstanding, 1, 1, 2
meta, 1, 1, 2
melodysheep, 1, 1, 2
meh, 1, 1, 2
masterpiece, 2, 2, 2
manipulative, 1, 1, 2
manager, 1, 1, 2
lumberjack, 1, 1, 2
lower, 1, 1, 2
longest, 1, 1, 2
locked, 1, 1, 2
location, 1, 1, 2
loads, 1, 1, 2
lithium, 1, 1, 2
listed, 1, 1, 2
leno, 1, 1, 2
league, 1, 1, 2
lazer, 1, 1, 2
land, 1, 1, 2
krazy8, 1, 1, 2
kick, 2, 2, 2
kettles, 1, 1, 2
justified, 1, 1, 2
johnson, 1, 1, 2
jeremiah, 1, 1, 2
jay, 1, 1, 2
irked, 1, 1, 2
involvement, 1, 1, 2
invested, 1, 1, 2
interview, 1, 1, 2
intercept, 1, 1, 2
innocent, 1, 1, 2
industry, 1, 1, 2
indispensable, 1, 1, 2
importance, 1, 1, 2
impeccable, 1, 1, 2
imbecility, 1, 1, 2
illicit, 1, 1, 2
hypocritical, 1, 1, 2
hype, 2, 2, 2
horse, 1, 1, 2
honest, 2, 2, 2
hoax, 1, 1, 2
hitting, 1, 1, 2
hits, 1, 1, 2
hiring, 1, 1, 2
hero, 1, 1, 2
hedberg, 1, 1, 2
harm, 1, 1, 2
harder, 1, 1, 2
handle, 1, 1, 2
handicapped, 1, 1, 2
ha, 1, 1, 2
gutted, 1, 1, 2
gut, 1, 1, 2
gtfo, 1, 1, 2
grease, 1, 1, 2
grandstands, 1, 1, 2
gold, 1, 1, 2
giancarlo, 1, 1, 2
gesticulations, 1, 1, 2
genious, 1, 1, 2
generally, 1, 1, 2
garbage, 1, 1, 2
games, 1, 1, 2
gales, 2, 2, 2
fruitless, 1, 1, 2
fried, 1, 1, 2
freaking, 1, 1, 2
fleshed, 1, 1, 2
flash, 1, 1, 2
filmmaking, 1, 1, 2
fewer, 1, 1, 2
fargo, 1, 1, 2
families, 1, 1, 2
failed, 1, 1, 2
eye, 3, 2, 2
exposing, 1, 1, 2
exile, 1, 1, 2
excess, 1, 1, 2
essence, 1, 1, 2
esposito, 1, 1, 2
erraticallytimed, 1, 1, 2
epic, 2, 2, 2
emotional, 1, 1, 2
edge, 2, 2, 2
drops, 1, 1, 2
drop, 1, 1, 2
driveway, 1, 1, 2
drawing, 1, 1, 2
dominance, 2, 2, 2
discovery, 1, 1, 2
detective, 2, 2, 2
desperate, 1, 1, 2
desire, 1, 1, 2
deformations, 1, 1, 2
decline, 2, 1, 2
debating, 2, 2, 2
darker, 1, 1, 2
cues, 1, 1, 2
crime, 2, 2, 2
crack, 2, 1, 2
counted, 1, 1, 2
correctly, 1, 1, 2
cooked, 2, 2, 2
convinces, 1, 1, 2
convenience, 1, 1, 2
connections, 1, 1, 2
confusion, 1, 1, 2
confusing, 1, 1, 2
conflicting, 1, 1, 2
condo, 1, 1, 2
complete, 1, 1, 2
compete, 1, 1, 2
comparison, 1, 1, 2
compared, 1, 1, 2
comments, 1, 1, 2
comic, 2, 2, 2
comfortable, 1, 1, 2
combining, 1, 1, 2
coin, 1, 1, 2
code, 1, 1, 2
coaster, 1, 1, 2
closes, 1, 1, 2
climb, 1, 1, 2
clan, 1, 1, 2
chooses, 1, 1, 2
cases, 1, 1, 2
carefully, 1, 1, 2
cared, 1, 1, 2
capsule, 1, 1, 2
capable, 1, 1, 2
cant, 1, 1, 2
candy, 1, 1, 2
camp, 1, 1, 2
camcorder, 1, 1, 2
calms, 1, 1, 2
businessman, 1, 1, 2
burbank, 1, 1, 2
bullshit, 1, 1, 2
brutal, 2, 2, 2
broke, 1, 1, 2
bring, 2, 2, 2
breathlessly, 1, 1, 2
boxcutters, 2, 1, 2
bound, 1, 1, 2
bot, 1, 1, 2
boring, 1, 1, 2
bluray, 2, 2, 2
blood, 1, 1, 2
bitsui, 1, 1, 2
birds, 1, 1, 2
bingewatched, 1, 1, 2
betterpaced, 1, 1, 2
behavior, 3, 2, 2
begins, 1, 1, 2
barrel, 1, 1, 2
bare, 1, 1, 2
austere, 1, 1, 2
assert, 2, 2, 2
arc, 1, 1, 2
anarchy, 1, 1, 2
among, 1, 1, 2
ah, 1, 1, 2
adios, 1, 1, 2
actor, 1, 1, 2
accounting, 1, 1, 2
96, 1, 1, 2
88, 1, 1, 2
80, 2, 1, 2
45, 2, 2, 2
401, 1, 1, 2
3do, 1, 1, 2
2x04, 1, 1, 2
2005, 1, 1, 2
15, 1, 1, 2
11, 1, 1, 2
yr, 1, 1, 1
youtubelx8_kpwdvo, 1, 1, 1
youtubekdbadmnq, 1, 1, 1
young, 1, 1, 1
yelp, 1, 1, 1
wrench, 1, 1, 1
woulda, 2, 1, 1
worthy, 1, 1, 1
worrying, 1, 1, 1
worlds, 1, 1, 1
woefully, 1, 1, 1
winter, 1, 1, 1
willing, 1, 1, 1
wikipedia, 1, 1, 1
wick, 1, 1, 1
welling, 1, 1, 1
weeds, 1, 1, 1
wedge, 1, 1, 1
ways, 1, 1, 1
watchign, 1, 1, 1
waa, 1, 1, 1
visibility, 1, 1, 1
violence, 1, 1, 1
vincebryan, 1, 1, 1
videos, 1, 1, 1
vice, 1, 1, 1
vg, 1, 1, 1
venezias, 1, 1, 1
various, 1, 1, 1
vacuum, 1, 1, 1
usual, 1, 1, 1
unusually, 1, 1, 1
unsettling, 1, 1, 1
unnoticed, 1, 1, 1
unnecessary, 1, 1, 1
unlike, 1, 1, 1
unintentionally, 1, 1, 1
unforgivable, 1, 1, 1
understands, 1, 1, 1
underhanded, 1, 1, 1
underdressed, 1, 1, 1
uncertain, 1, 1, 1
uk, 1, 1, 1
tvmovies, 1, 1, 1
truck, 7, 1, 1
trip, 1, 1, 1
tread, 1, 1, 1
transfer, 2, 2, 1
trace, 1, 1, 1
tool, 1, 1, 1
tons, 1, 1, 1
ton, 1, 1, 1
tinted, 1, 1, 1
thus, 1, 1, 1
thug, 1, 1, 1
throws, 1, 1, 1
throne, 1, 1, 1
tho, 1, 1, 1
theoretically, 1, 1, 1
tention, 1, 1, 1
temper, 1, 1, 1
technically, 1, 1, 1
tear, 1, 1, 1
sympathetic, 2, 2, 1
sword, 1, 1, 1
sustain, 1, 1, 1
surpasses, 1, 1, 1
supporting, 1, 1, 1
suburban, 1, 1, 1
subreddits, 1, 1, 1
subculture, 1, 1, 1
stupidest, 1, 1, 1
stunt, 1, 1, 1
strongest, 1, 1, 1
stressed, 1, 1, 1
stoked, 1, 1, 1
steps, 1, 1, 1
step, 1, 1, 1
steely, 2, 1, 1
steel, 1, 1, 1
stare, 1, 1, 1
stanley, 1, 1, 1
staging, 1, 1, 1
spread, 1, 1, 1
spot, 1, 1, 1
split, 1, 1, 1
spend, 1, 1, 1
specifics, 1, 1, 1
special, 1, 1, 1
spanish, 1, 1, 1
south, 1, 1, 1
sounds, 2, 2, 1
soundman, 1, 1, 1
soooo, 1, 1, 1
songs, 1, 1, 1
songpure, 1, 1, 1
soi, 1, 1, 1
snoke, 1, 1, 1
sneaks, 1, 1, 1
smooth, 1, 1, 1
sloppy, 1, 1, 1
slip, 1, 1, 1
slick, 1, 1, 1
skykar, 1, 1, 1
skipped, 1, 1, 1
size, 1, 1, 1
site, 1, 1, 1
simpler, 1, 1, 1
similarity, 1, 1, 1
silver, 1, 1, 1
significantly, 1, 1, 1
significance, 1, 1, 1
showrunners, 1, 1, 1
shorted, 1, 1, 1
shirt, 1, 1, 1
shazam, 1, 1, 1
setting, 1, 1, 1
served, 1, 1, 1
serious, 1, 1, 1
sepinwall, 1, 1, 1
sends, 1, 1, 1
self, 1, 1, 1
secret, 1, 1, 1
sea, 1, 1, 1
scream, 1, 1, 1
scotch, 1, 1, 1
scheme, 1, 1, 1
scenario, 1, 1, 1
sauls, 1, 1, 1
sandwiches, 1, 1, 1
sail, 1, 1, 1
s1, 1, 1, 1
rventurebros, 1, 1, 1
rogue, 1, 1, 1
risking, 1, 1, 1
rightinthefeelsjpg, 1, 1, 1
riding, 2, 1, 1
ride, 3, 1, 1
response, 1, 1, 1
resorted, 1, 1, 1
requiring, 1, 1, 1
reputation, 1, 1, 1
report, 1, 1, 1
rent, 1, 1, 1
remove, 1, 1, 1
remix, 1, 1, 1
remindme, 1, 1, 1
rely, 1, 1, 1
relaxing, 1, 1, 1
reign, 1, 1, 1
referring, 1, 1, 1
referencing, 1, 1, 1
reduced, 1, 1, 1
redemption, 1, 1, 1
realise, 1, 1, 1
questioning, 1, 1, 1
qa, 1, 1, 1
purchase, 1, 1, 1
punk, 1, 1, 1
punched, 1, 1, 1
pumped, 1, 1, 1
pulling, 1, 1, 1
protector, 1, 1, 1
promoted, 1, 1, 1
process, 1, 1, 1
proceeds, 3, 1, 1
principle, 1, 1, 1
prime, 1, 1, 1
pretends, 1, 1, 1
precaution, 1, 1, 1
pray, 1, 1, 1
praise, 1, 1, 1
potential, 1, 1, 1
populated, 1, 1, 1
poisoning, 1, 1, 1
poisoned, 1, 1, 1
podcasts, 1, 1, 1
plz, 1, 1, 1
plemons, 1, 1, 1
pipe, 1, 1, 1
pills, 2, 1, 1
picture, 1, 1, 1
photographs, 1, 1, 1
pervs, 1, 1, 1
perplexes, 1, 1, 1
peasant, 1, 1, 1
pbnj, 1, 1, 1
payroll, 1, 1, 1
patience, 1, 1, 1
park, 1, 1, 1
parenting, 1, 1, 1
parallels, 1, 1, 1
pandering, 1, 1, 1
pal, 1, 1, 1
paint, 1, 1, 1
owsley, 1, 1, 1
overs, 1, 1, 1
overnight, 1, 1, 1
outsider, 1, 1, 1
outfits, 1, 1, 1
otoh, 1, 1, 1
otherwise, 2, 1, 1
osi, 1, 1, 1
osha, 1, 1, 1
orleans, 1, 1, 1
operations, 1, 1, 1
openly, 1, 1, 1
online, 2, 1, 1
omg, 1, 1, 1
odenkirk, 1, 1, 1
obsessed, 1, 1, 1
nuts, 1, 1, 1
nonchalantly, 1, 1, 1
nod, 1, 1, 1
noble, 1, 1, 1
nh, 1, 1, 1
nbc, 1, 1, 1
navsbfojc4c, 1, 1, 1
named, 1, 1, 1
naivethanks, 1, 1, 1
murdering, 1, 1, 1
multi, 1, 1, 1
motivated, 1, 1, 1
motivate, 1, 1, 1
mortem, 1, 1, 1
monetarily, 1, 1, 1
mixed, 1, 1, 1
mineralsrocks, 1, 1, 1
mile, 1, 1, 1
mild, 1, 1, 1
methlike, 1, 1, 1
member, 1, 1, 1
meak, 1, 1, 1
mcgill, 1, 1, 1
material, 1, 1, 1
match, 1, 1, 1
master, 1, 1, 1
marathon, 1, 1, 1
manipulation, 1, 1, 1
manipulating, 2, 1, 1
maniac, 1, 1, 1
manages, 1, 1, 1
madman, 1, 1, 1
lurk, 1, 1, 1
lsd, 1, 1, 1
loyaltyfriendship, 1, 1, 1
lowered, 1, 1, 1
lover, 1, 1, 1
logistics, 1, 1, 1
literly, 1, 1, 1
limit, 1, 1, 1
lights, 1, 1, 1
lighting, 1, 1, 1
leverage, 1, 1, 1
letdown, 1, 1, 1
laying, 1, 1, 1
lawsuit, 1, 1, 1
lasted, 1, 1, 1
largest, 1, 1, 1
killin, 1, 1, 1
jumped, 1, 1, 1
john, 1, 1, 1
jessies, 1, 1, 1
jerk, 1, 1, 1
isnt, 1, 1, 1
ironically, 1, 1, 1
invaded, 1, 1, 1
introduction, 1, 1, 1
interviews, 1, 1, 1
internet, 1, 1, 1
interfered, 1, 1, 1
intentionally, 1, 1, 1
intend, 1, 1, 1
insurmountable, 1, 1, 1
instilling, 1, 1, 1
insightful, 1, 1, 1
insider, 1, 1, 1
inocent, 1, 1, 1
inherited, 1, 1, 1
infamous, 1, 1, 1
indeed, 1, 1, 1
incorrect, 1, 1, 1
incase, 1, 1, 1
importantly, 1, 1, 1
immediate, 1, 1, 1
id, 2, 2, 1
hurt, 1, 1, 1
hunt, 1, 1, 1
huel, 1, 1, 1
homework, 1, 1, 1
hitman, 1, 1, 1
hide, 1, 1, 1
heres, 1, 1, 1
hence, 1, 1, 1
helped, 1, 1, 1
heavy, 1, 1, 1
hating, 1, 1, 1
hat, 1, 1, 1
happenshappened, 1, 1, 1
happended, 1, 1, 1
hampshire, 1, 1, 1
hallucinations, 1, 1, 1
hallucinates, 1, 1, 1
halfmeasure, 1, 1, 1
hacker, 1, 1, 1
gusts, 1, 1, 1
gritty, 1, 1, 1
grateful, 1, 1, 1
granite, 1, 1, 1
grammar, 1, 1, 1
grade, 2, 2, 1
grabbed, 1, 1, 1
googled, 1, 1, 1
gobsmacked, 1, 1, 1
goal, 1, 1, 1
geology, 1, 1, 1
gasfree, 1, 1, 1
garage, 1, 1, 1
funeral, 1, 1, 1
fully, 1, 1, 1
fulfill, 1, 1, 1
fucks, 1, 1, 1
frozen, 1, 1, 1
friendpossible, 1, 1, 1
friday, 1, 1, 1
forwards, 1, 1, 1
forsaking, 1, 1, 1
food, 1, 1, 1
follow, 1, 1, 1
fn, 1, 1, 1
flying, 1, 1, 1
flipped, 1, 1, 1
fixating, 1, 1, 1
fix, 1, 1, 1
fitting, 2, 2, 1
fish, 1, 1, 1
firstly, 1, 1, 1
finance, 1, 1, 1
fill, 1, 1, 1
fiction, 1, 1, 1
feet, 1, 1, 1
feelings, 2, 2, 1
favor, 1, 1, 1
fantastic, 2, 2, 1
famously, 1, 1, 1
fairly, 1, 1, 1
fails, 1, 1, 1
factory, 1, 1, 1
exposure, 1, 1, 1
explosive, 1, 1, 1
expendable, 1, 1, 1
exectued, 1, 1, 1
ex, 1, 1, 1
evolution, 1, 1, 1
everytime, 1, 1, 1
eventhough, 1, 1, 1
europe, 1, 1, 1
estate, 1, 1, 1
estabilish, 1, 1, 1
erratic, 1, 1, 1
er, 1, 1, 1
equipped, 1, 1, 1
entirety, 1, 1, 1
ensuing, 1, 1, 1
enjoyed, 1, 1, 1
england, 1, 1, 1
emotionless, 1, 1, 1
elf, 1, 1, 1
eh, 1, 1, 1
eager, 1, 1, 1
driving, 1, 1, 1
drinking, 1, 1, 1
dressed, 1, 1, 1
drastic, 1, 1, 1
dramatic, 1, 1, 1
dozen, 1, 1, 1
downhill, 1, 1, 1
door, 1, 1, 1
ditched, 1, 1, 1
distribution, 1, 1, 1
distribute, 1, 1, 1
displays, 1, 1, 1
direct, 1, 1, 1
ding, 2, 1, 1
dime, 1, 1, 1
difficult, 1, 1, 1
diesel, 1, 1, 1
devil, 1, 1, 1
device, 1, 1, 1
developed, 1, 1, 1
develop, 1, 1, 1
detailing, 1, 1, 1
desires, 1, 1, 1
denser, 1, 1, 1
dense, 1, 1, 1
delivery, 1, 1, 1
definitively, 1, 1, 1
definition, 1, 1, 1
deeply, 1, 1, 1
decisionmaker, 1, 1, 1
decision, 1, 1, 1
decades, 1, 1, 1
dawned, 1, 1, 1
dan, 2, 1, 1
customerordered, 1, 1, 1
current, 1, 1, 1
crystals, 1, 1, 1
crutches, 1, 1, 1
cringing, 1, 1, 1
cringe, 1, 1, 1
crimedramas, 1, 1, 1
create, 1, 1, 1
cracks, 1, 1, 1
couldnotlike, 1, 1, 1
corner, 1, 1, 1
cooler, 1, 1, 1
convenient, 1, 1, 1
context, 1, 1, 1
confessions, 1, 1, 1
condemed, 1, 1, 1
computer, 1, 1, 1
community, 1, 1, 1
commentaries, 1, 1, 1
cold, 1, 1, 1
coffee, 1, 1, 1
closer, 1, 1, 1
climbed, 1, 1, 1
clientele, 1, 1, 1
clicked, 1, 1, 1
cleaner, 1, 1, 1
cleaned, 1, 1, 1
charlemagne, 1, 1, 1
changing, 1, 1, 1
changed, 2, 2, 1
caughtmugged, 1, 1, 1
catchy, 1, 1, 1
calmness, 1, 1, 1
callbacks, 1, 1, 1
californian, 1, 1, 1
buyer, 1, 1, 1
busts, 1, 1, 1
busted, 2, 1, 1
buncha, 1, 1, 1
bs, 1, 1, 1
brilliantly, 1, 1, 1
bridges, 1, 1, 1
brbavirgins, 1, 1, 1
boy, 1, 1, 1
bout, 1, 1, 1
bob, 1, 1, 1
bliss, 1, 1, 1
blind, 1, 1, 1
blank, 1, 1, 1
bikers, 1, 1, 1
betray, 1, 1, 1
beneficial, 1, 1, 1
befriended, 1, 1, 1
beautiful, 1, 1, 1
badly, 1, 1, 1
aye, 1, 1, 1
authorized, 1, 1, 1
august, 1, 1, 1
attached, 1, 1, 1
assumes, 1, 1, 1
assume, 1, 1, 1
assistant, 1, 1, 1
asked, 1, 1, 1
article, 1, 1, 1
art, 1, 1, 1
arguement, 1, 1, 1
approaching, 1, 1, 1
announced, 1, 1, 1
amp, 1, 1, 1
america, 2, 2, 1
altruism, 1, 1, 1
alluded, 1, 1, 1
alibi, 1, 1, 1
alan, 1, 1, 1
add, 1, 1, 1
activities, 1, 1, 1
acquired, 1, 1, 1
accessible, 1, 1, 1
84935, 1, 1, 1
70s, 1, 1, 1
5b, 2, 1, 1
5a, 2, 1, 1
38, 1, 1, 1
37, 1, 1, 1
30min, 1, 1, 1
2200, 1, 1, 1
2008, 1, 1, 1
1960s, 1, 1, 1
16, 1, 1, 1
13, 1, 1, 1
12am, 1, 1, 1
worried, 1, 1, 0
weakened, 1, 1, 0
wagoner, 1, 1, 0
town, 1, 1, 0
tomorrow, 1, 1, 0
text, 1, 1, 0
tape, 1, 1, 0
system, 2, 1, 0
swimming, 1, 1, 0
suggestions, 1, 1, 0
stronger, 1, 1, 0
strength, 1, 1, 0
stoner, 1, 1, 0
stole, 1, 1, 0
station, 1, 1, 0
snort, 1, 1, 0
significant, 5, 3, 0
sicher, 1, 1, 0
shadows, 1, 1, 0
searching, 1, 1, 0
scientific, 1, 1, 0
rswordorsheath, 1, 1, 0
rooted, 1, 1, 0
reversed, 1, 1, 0
responded, 1, 1, 0
reference, 1, 1, 0
reddit, 2, 1, 0
random, 3, 2, 0
psychic, 1, 1, 0
pouring, 1, 1, 0
pool, 1, 1, 0
picks, 1, 1, 0
petebadger, 1, 1, 0
nameplate, 1, 1, 0
minerals, 3, 2, 0
longarse, 1, 1, 0
kyuss, 1, 1, 0
kein, 1, 1, 0
jerseys, 1, 1, 0
jersey, 2, 1, 0
jeep, 1, 1, 0
james, 3, 2, 0
ist, 1, 1, 0
ing, 1, 1, 0
improsonment, 1, 1, 0
imgurcomgallerytfay2, 1, 1, 0
ice, 1, 1, 0
hooked, 1, 1, 0
hockey, 2, 1, 0
hacking, 1, 1, 0
grand, 1, 1, 0
googling, 1, 1, 0
foresaw, 1, 1, 0
fiddy, 1, 1, 0
fayeteville, 1, 1, 0
expected, 1, 1, 0
engineering, 1, 1, 0
emo, 1, 1, 0
digits, 1, 1, 0
details, 4, 3, 0
crying, 1, 1, 0
cream, 1, 1, 0
corrupt, 1, 1, 0
collects, 1, 1, 0
clients, 1, 1, 0
bonfire, 1, 1, 0
blasting, 1, 1, 0
aryan, 1, 1, 0
ar, 1, 1, 0
apples, 1, 1, 0
annoyingly, 1, 1, 0
angry, 1, 1, 0
adorable, 1, 1, 0
acids, 1, 1, 0
absolute, 1, 1, 0
Word, Frequency, Comment Frequency, Net Score
140, 1, 1, 0
099, 1, 1, 0
science, 4, 4, -1
lokai, 1, 1, -1
kirk, 2, 1, -1
invoice, 1, 1, -1
idk, 1, 1, -1
fail, 1, 1, -1
enemies, 2, 2, -1
captain, 2, 1, -1
bele, 2, 1, -1
tag, 3, 3, -2
swirling, 1, 1, -2
robot, 1, 1, -2
ninja, 1, 1, -2
maelstrom, 1, 1, -2
lame, 1, 1, -2
housethey, 1, 1, -2
hillbilly, 1, 1, -2
goodbye, 1, 1, -2
fathom, 1, 1, -2
dyslexic, 1, 1, -2
preobamacare, 1, 1, -3
liar, 1, 1, -3
fat, 1, 1, -3
worst, 2, 2, -4
territory, 1, 1, -7
shitpost, 1, 1, -7
congrats, 1, 1, -7
u, 1, 1, -9
farmer, 1, 1, -9
clever, 6, 5, -9
sucks, 2, 2, -11
iimgurcom2r9lklqjpg, 1, 1, -11
underwhelming, 1, 1, -12
throw, 4, 3, -12
havent, 1, 1, -12
tight, 3, 1, -14
worthless, 1, 1, -17
fuckup, 1, 1, -17
driven, 2, 2, -18
souls, 1, 1, -19
pokey, 1, 1, -19
nononsense, 1, 1, -19
nature, 1, 1, -19
mystical, 1, 1, -19
individual, 1, 1, -19
hokey, 1, 1, -19
fantasies, 1, 1, -19
removed, 1, 1, -22
rthathappened, 1, 1, -23
drunk, 2, 2, -25
taco, 2, 2, -27
bell, 2, 2, -27
waiti, 1, 1, -28
hail, 1, 1, -28
guyz, 1, 1, -28
corporate, 1, 1, -28
deleted, 1, 1, -33
everyone, 13, 11, -55
shitty, 2, 2, -62
